time,topic,related,emotion,content,comment
0.00000,10,2,1.0,2,4Head
1.00000,,2,0.0,5,HE PROLLY DID
1.50000,5,2,0.0,5,its not
2.00000,3,1,1.0,5,she was uploading porn LUL
2.50000,8,2,-1.0,5,crazy
3.00000,,2,0,5,he did
3.14286,,2,-1.0,5,mid die
3.28571,,2,0,5,HE DID
3.42857,10,1,1.0,2,LUL
3.57143,10,2,1.0,2,Kappa
3.71429,2,1,1.0,5,LOL just saw clip
3.85714,5,2,1.0,5,IT'S NOT UNLIKELY DUDE YOURE IN SILVER THAT HAPPENS EVERY OTHER GAME
4.00000,5,2,0.0,5,THATS USUALLY WHY IM LAGGING LEGIT
4.20000,,2,0.0,5,THAT'S WHAT HAPPENED
4.40000,10,2,1.0,2,4Head
4.60000,2,2,0.0,5,I CAN CONFIRM I AM SISTER
4.80000,5,1,0.0,5,he said i need money man
5.00000,1,2,0.0,5,:tf:
5.33333,,2,0,5,IT WAS
5.66667,10,1,1.0,2,LUL
6.00000,1,2,0.0,5,Most likely
6.33333,9,2,0.0,5,i think it actually was that way
6.66667,9,2,0.0,5,in game
7.00000,6,2,0.0,5,https://www.youtube.com/watch?v=WI0Twlt1aek I have been spaming for ever plz sir
7.16667,8,2,0.0,5,this isnt hearthstone
7.33333,9,2,0.0,5,I bet that dude paid him off
7.50000,6,2,0.0,5,TILTING ALREADY
7.66667,,2,0.0,5,36
7.83333,9,2,-1.0,5,"OH SHIT, THIS IS IT. THIS IS THE RUN, U GOT LOW PING, ITS 1:12"
8.00000,,2,0,5,it was
8.09091,2,1,5.0,5,HER SISTER WAS WITH ME Kreygasm HER SISTER WAS WITH ME Kreygasm HER SISTER WAS WITH ME Kreygasm HER SISTER WAS WITH ME Kreygasm HER SISTER WAS WITH ME Kreygasm
8.18182,5,2,0.0,5,It's possible you're in silver
8.27273,8,1,-1.0,5,FUUUUUUCK
8.36364,,2,0.0,5,happy byroni FeeslGoodMan
8.45455,10,2,1.0,2,HE DID LOL
8.54545,2,2,0.0,5,SHE WAS I CAN CONFIRM
8.63636,2,2,-1.0,5,hes losing it
8.72727,10,1,1.0,2,LUL
8.81818,7,2,0.0,5,ðŸ¤” why am i lvl 1
8.90909,1,2,0.0,5,Cx
9.00000,,2,0,5,u did
9.50000,8,2,-1.0,5,CRAZY PERSON
10.00000,5,2,0.0,5,"why did he say ""I need the money"""
10.20000,1,2,0.0,5,HE DIDNT
10.40000,8,1,-2.0,5,"@Reckful, the next event you go to im going to find you in your hotel room and scalp you, you stupid jew mother fuck"
10.60000,2,2,-1.0,5,HES A LIAR
10.80000,10,1,1.0,2,LUL
11.00000,6,1,-1.0,5,horny virgins already talking about his sister FailFish
11.25000,,2,0.0,5,https://www.youtube.com/watch?v=gOzE-OpSdXU
11.50000,5,1,0.0,5,HE DID THATS THE WORSE THING LUL
11.75000,5,2,1.0,5,IT'S NOT UNLIKELY DUDE YOURE IN SILVER THAT HAPPENS EVERY OTHER GAME FailFIsh
12.00000,7,2,0.0,5,YEAH YOU DID
12.20000,5,1,-1.0,5,YOU SAID CONCEDE = HEARTHSTONE
12.40000,8,2,-2.0,5,BRUH WHEN U DC U SOMETIMES GET VISUAL BUG FailFish
12.60000,6,1,0.0,5,MOM BOOM ANELE MOM BOOM ANELE MOM BOOM ANELE
12.80000,8,2,-2.0,5,HE WAS LVL 1 CAUSE OF LAG+ RECONNECT BUG
13.00000,2,2,0.0,5,drugs FeelsGoodMan
13.33333,2,2,-1.0,5,hes lost it
13.66667,3,2,0.0,5,PEOPLE DO WATCH NETFLIX
14.00000,3,1,0.0,5,@Reckful He seemed dumb enough to belive it
14.16667,2,2,0.0,5,I'M HIS SISTER YOU ASSHOLE
14.33333,5,2,0.0,5,WHY DID HE SAY I NEED MONEY THEN
14.50000,2,2,0.0,5,YES
14.66667,2,2,0.0,5,YES
14.83333,1,2,0.0,5,cx
15.00000,,2,0.0,5,HE DID YOU SHOULD APOLOGIZE
16.00000,2,2,0.0,1,YES
16.12500,7,2,0.0,5,ðŸ¤” why am i lvl 1
16.25000,1,2,0.0,5,YOU DEFINITELY DID
16.37500,2,2,0.0,5,yes
16.50000,7,2,0.0,5,YEAH
16.62500,3,2,0.0,5,his sister was uploading porn
16.75000,2,2,0.0,5,yes
16.87500,1,2,0.0,5,bro that was most likely the case
17.00000,2,2,0.0,5,YESSS
17.14286,,2,0,5,U DID
17.28571,2,2,0.0,5,YES
17.42857,2,2,0.0,5,yes
17.57143,2,2,0.0,5,yes
17.71429,7,2,0.0,5,yeah
17.85714,8,1,1.0,1,amu afk LUL
18.00000,2,2,0.0,5,yes
18.07692,2,1,0.0,5,CiGrip CiGrip CiGrip CiGrip CiGrip CiGrip CiGrip CiGrip CiGrip CiGrip CiGrip CiGrip CiGrip CiGrip
18.15385,2,2,0.0,5,YES
18.23077,,2,0,3,â“¸â“´ â„¬â„“É‘â„¨â„° â„‘È¶
18.30769,6,1,-2.0,5,horny virgins already talking about his sister FailFish horny virgins already talking about his sister FailFish
18.38462,2,1,1.0,5,"I know his sister, we were Netflix and chill'n LuL"
18.46154,2,2,0.0,5,yes
18.53846,1,2,0.0,5,YEA
18.61538,2,2,0.0,5,Yes
18.69231,2,2,0.0,5,YES
18.76923,2,2,0.0,5,YES
18.84615,,2,0,5,no
18.92308,2,2,0.0,5,yes it can happen
19.00000,6,2,0.0,5,SAY SURRENDER
19.11111,2,1,0.0,1,yes :tf:
19.22222,7,2,0.0,5,Yeah...
19.33333,1,2,0.0,5,yea
19.44444,2,2,0.0,5,YES
19.55556,2,2,0.0,5,yes
19.66667,2,2,0.0,5,YES
19.77778,2,1,1.0,5,yes Kappa
19.88889,1,2,0.0,5,yea
20.00000,2,1,0.0,5,Yes :tf:
20.06667,2,2,0.0,5,YES
20.13333,,2,0,5,NO
20.20000,6,2,0.0,5,NOPE
20.26667,2,2,0.0,5,YES
20.33333,2,1,1.0,5,yes Kappa
20.40000,4,1,0.0,1,CALL JENNA FeelsGoodMan CALL JENNA FeelsGoodMan CALL JENNA FeelsGoodMan CALL JENNA FeelsGoodMan
20.46667,,2,0,1,NO
20.53333,2,2,0.0,5,yes
20.60000,1,2,0.0,5,YEA
20.66667,2,2,0.0,5,YES
20.73333,8,1,0.0,5,WHY THE FUCK NOT NotLikeThis
20.80000,2,2,0.0,5,yes
20.86667,2,2,0.0,5,YES
20.93333,3,2,0.0,5,porn
21.00000,,2,0,5,no
21.12500,2,2,0.0,5,YES
21.25000,6,1,0.0,5,"@reckful Byron go rest man, you're only bringing yourself down because of all of these people"
21.37500,8,1,1.0,5,AMUMU AFK LUL
21.50000,2,2,0.0,5,YES
21.62500,8,1,-2.0,5,"@Reckful, the next event you go to im going to find you in your hotel room and scalp you, you stupid jew mother fuck."
21.75000,10,1,1.0,2,LUL
21.87500,,2,0,5,NO
22.00000,2,2,1.0,5,she was watching hentai VoHiYo
22.11111,2,2,0.0,5,YES
22.22222,2,2,0.0,5,yes
22.33333,,2,0,5,no
22.44444,10,2,2.0,2,<3 <3
22.55556,1,2,0.0,5,NETFLIX AND CHILLING
22.66667,,2,0,5,no
22.77778,3,2,0.0,5,we were netflix and chillin
22.88889,2,1,1.0,5,yes Kappa
23.00000,2,2,0.0,5,yes
23.14286,,1,0.0,5,so?
23.28571,,2,0,5,SO WHAT
23.42857,2,2,0.0,5,yes
23.57143,2,2,0.0,5,yyes
23.71429,5,2,0.0,5,its def possible
23.85714,2,2,0.0,5,yes
24.00000,2,2,0.0,5,yes
24.16667,2,2,0.0,5,YES
24.33333,3,2,1.0,1,she was streaming on a camsite Kappa
24.50000,,2,0.0,5,https://www.youtube.com/watch?v=WI0Twlt1aek THIS IS THE ANSEWER
24.66667,1,1,0.0,5,WHAT NO ONE SAID THAT
24.83333,2,2,-1.0,5,HIS SISTER NEEDED TO WATCH PRETTY LITTLE LIARS U FUKER
25.00000,2,1,1.0,5,YES Kappa
25.11111,5,1,-2.0,5,He said hearthstone cause you said concede NotLikeThis
25.22222,,2,1.0,5,WE ARENT ALL RICH
25.33333,3,2,0.0,5,my sis is watching netflix..
25.44444,9,2,0.0,5,HE didn't know
25.55556,2,2,0.0,5,Yes
25.66667,1,2,1.0,5,NETFLIX IS A POPULAR APP WHERE YOU CAN WATCH TV SHOWS
25.77778,,2,0,5,NO
25.88889,2,1,0.0,5,Yes :tf:
26.00000,,2,0,5,no
26.14286,5,1,-1.0,5,YOU SAID CONCEDE
26.28571,10,2,1.0,2,LOL
26.42857,2,1,0.0,5,YES :TF:
26.57143,5,1,-1.0,5,YOU SAID CONCEDE BYRON
26.71429,5,1,0.0,5,TriHard HE SAID IT
26.85714,2,2,0.0,5,YES
27.00000,2,2,-1.0,5,its fucking SATURDAY YOU CUCKBOY
27.33333,5,2,0.0,5,"THEY DIDN'T, EVERYONE KNOWS ABOUT HEARTHSTONE"
27.66667,5,1,1.0,5,HE SAID HE NEEDED MONEY PogChamp
28.00000,1,1,-1.0,5,its cause you said concede instead of surrender
28.25000,6,2,0.0,5,NOPE
28.50000,5,1,-1.0,5,@reckful YOU SAID CONCEDE
28.75000,,2,0.0,5,https://clips.twitch.tv/reckful/LongEagleSoBayed https://clips.twitch.tv/reckful/LongEagleSoBayed https://clips.twitch.tv/reckful/LongEagleSoBayed https://clips.twitch.tv/reckful/LongEagleSoBayed https://clips.twitch.tv/reckful/LongEagleSoBayed https://clips.twitch.tv/reckful/LongEagleSoBayed
29.00000,8,1,-2.0,5,"@Reckful, the next event you go to im going to find you in your hotel room and scalp you, you stupid jew mother fuck"
29.20000,3,2,-2.0,5,LMAO AMUMU RIP FailFish
29.40000,2,1,0.0,5,"YES HIS SISTER WAS WATCHING NETFLEX, I WAS BANGING HER AT THE SAME TIME"
29.60000,1,2,0.0,5,:tf:
29.80000,2,1,1.0,5,YES LUL
30.00000,,2,0.0,5,SO WHATT
30.20000,2,1,0.0,5,YES :tf:
30.40000,8,1,0.0,5,it was real and concede isnt used in LOL we say surrender or FF @Reckful
30.60000,9,2,-1.0,5,this is such an uncomfortable stream
30.80000,7,2,0.0,5,YEAH
31.00000,8,2,0.0,5,imagine if you was a real dude and actually talked about games irl might get your ass beat
31.16667,3,2,0.0,5,LMAO
31.33333,2,1,0.0,5,QUEST HIS SISTER FeelsGoodMan
31.50000,6,2,0.0,5,SOME OF US SHARE INTERNET
31.66667,,1,1.0,1,LUL
31.83333,5,1,0.0,5,YOU SAID CONCEDE NOT FORFEIT
32.00000,5,2,0.0,5,maybe that guy plays hearthstone
33.00000,,2,0,3,!uptime
33.20000,5,1,-1.0,5,YOU SAID CONCEDE = HEARTSTHONE
33.40000,5,1,0.0,5,HE SAID IT TriHard
33.60000,1,2,0.0,5,"""I need the money"" - yasuo 2016"
33.80000,,2,0,3,"Kixkk 15 hours, 42 minutes"
34.00000,1,2,0.0,5,:tf:
34.50000,5,1,-1.0,5,i do. you said concede so thats why hearthstone
35.00000,5,1,-1.0,5,YOU SAID CONCEDE
35.33333,1,2,0.0,5,:tf:
35.66667,2,1,0.0,5,QUEST HIS SISTER FeelsGoodMan QUEST HIS SISTER FeelsGoodMan QUEST HIS SISTER FeelsGoodMan QUEST HIS SISTER FeelsGoodMan QUEST HIS SISTER FeelsGoodMan QUEST HIS SISTER FeelsGoodMan QUEST HIS SISTER FeelsGoodMan QUEST HIS SISTER FeelsGoodMan
36.00000,5,1,-1.0,5,NO YOU SAID CONCEDE
36.50000,7,2,0.0,1,yeah people in chat are trolling
37.00000,5,1,1.0,5,@Reckful you said ''concende'' like HS
37.14286,6,2,1.0,5,LOLLLLL
37.28571,1,1,-1.0,5,IT WAS BECAUSE YOU SAID CONCEDE INSTEAD OF SURRENDER
37.42857,8,1,1.0,1,AMUMU AFK LUL
37.57143,9,2,0.0,5,maybe he offered $100
37.71429,6,2,0.0,5,https://www.youtube.com/watch?v=WI0Twlt1aek THIS IS THE STUFF
37.85714,3,2,0.0,5,i was watching netflix with his sister
38.00000,5,1,1.0,5,"Dude, you're @reckful, everyone knows you. lol"
39.00000,5,1,0.0,5,HE SAID IT TriHard
39.25000,10,1,2.0,2,LUL LUL
39.50000,1,1,0.0,5,I OFFERED HIM $100 JEW
39.75000,1,2,0.0,5,but he wasnt throwing
40.00000,8,1,-2.0,5,"@Reckful, the next event you go to im going to find you in your hotel room and scalp you, you stupid jew mother fuck."
41.00000,10,1,1.0,2,LUL
41.50000,3,1,0.0,5,"@Reckful IM HIS SISTER FAM, I WAS WATCHING SHREK"
42.00000,5,1,-1.0,5,@reckful YOU SAID CONCEDE NOT FF
42.12500,2,1,1.0,5,QUEST HIS SISTER LUL
42.25000,5,1,-1.0,5,YOU SAID CONCEDE
42.37500,2,1,1.0,5,HE WAS NETFLIX AND CHILLING WITH HIS SISTER LUL
42.50000,5,1,-2.0,5,you said concede retard
42.62500,10,2,-1.0,2,NotLikeThis
42.75000,3,1,-1.0,5,HE WANTED TO TRIGGER U U DUMB JEEEEEEEEEEEEEEWWWWWWWWWWWWW
42.87500,5,2,-1.0,5,CONCEDE ITS A HEARTHSTONE THING
43.00000,1,2,0.0,5,IT WASNT MORE
43.25000,5,2,0.0,5,trolling knows no bounds not even monetary
43.50000,5,1,-1.0,5,U SAID CONCEDE THATS HOW HE KNEW
43.75000,2,2,1.0,5,He is Smart FeelsGoodMan
44.00000,,2,0.0,5,PARANOIDFUL
44.16667,5,1,-1.0,5,you said concede!
44.33333,1,2,0.0,5,"HE DIDNT KNOW, HE WAS JUST TROLLING BRO"
44.50000,6,1,3.0,5,5 dollars is 5 dollars LUL 5 dollars is 5 dollars LUL 5 dollars is 5 dollars LUL
44.66667,1,2,0.0,1,MIND GAMES :tf:
44.83333,2,1,0.0,5,QUEST HIS SISTER FeelsGoodMan QUEST HIS SISTER FeelsGoodMan QUEST HIS SISTER FeelsGoodMan QUEST HIS SISTER FeelsGoodMan QUEST HIS SISTER FeelsGoodMan QUEST HIS SISTER FeelsGoodMan QUEST HIS SISTER FeelsGoodMan QUEST HIS SISTER FeelsGoodMan
45.00000,5,1,-2.0,5,YOU SAID CONCEDE. CONCEDE = HS TERM
45.20000,1,2,0.0,5,YOU OFERED THE MONEY FIRST
45.40000,,2,0.0,5,on purpose
45.60000,5,1,-1.0,5,YOU SAID CONCEDE
45.80000,5,1,0.0,5,TriHard HE SAID IT TriHard HE SAID IT TriHard HE SAID IT
47.00000,9,1,0.0,5,how do you know hwo much he was offered?
47.20000,9,1,0.0,5,FeelsBadMan this FeelsBadMan used FeelsBadMan to FeelsBadMan be FeelsBadMan an FeelsBadMan interactive FeelsBadMan stream FeelsBadMan
47.40000,1,2,-1.0,5,Reckful is retarded
47.60000,6,1,-1.0,5,horny virgins already talking about his sister FailFish
47.80000,5,1,-1.0,5,YOU SAID CONCEDE THATS WHY THEY SAY HEARTHSTONE
48.00000,6,2,0.0,5,hi plz win thx
48.25000,1,2,0.0,5,IT WASNT MORE THAN THE OTHER GUY OFFERED
48.50000,5,2,-1.0,5,concede*
48.75000,6,2,0.0,5,PUT UR SEED IN HIS SISTER
49.00000,1,2,0.0,5,guy offered more
49.33333,2,2,-1.0,5,"HE WAS TELLING THE TRUTH, I WAS FUCKING HIS SISTER"
49.66667,5,1,-1.0,5,YOU SAID CONCEDE
50.00000,5,1,0.0,5,"he said ""i need money man"" because you were acting like a asshole so he wanted to troll you FailFish"
50.25000,5,1,-1.0,5,You said concede
50.50000,5,2,-1.0,5,CONCEDE ITS A HEARTHSTONE THING
50.75000,5,1,-4.0,5,YOU SAID CONCEDE FailFish YOU SAID CONCEDE FailFish
51.00000,1,1,1.0,5,IT WASNT MORE LUL
51.16667,5,2,0.0,5,maybe he knew you from hs
51.33333,8,1,-2.0,5,"@Reckful, the next event you go to im going to find you in your hotel room and scalp you, you stupid jew mother fuck"
51.50000,6,1,0.0,5,"@reckful Byron go rest man, you're only bringing yourself down because of all of these people"
51.66667,1,2,1.0,1,:tf: worth
51.83333,9,2,0.0,5,https://www.youtube.com/watch?v=WI0Twlt1aek THROW FOR NUDES
52.00000,1,1,1.0,5,"@Reckful, I offered him 100 LUL"
52.25000,5,2,0.0,5,"its not about the money, its about sending a message LEL"
52.50000,9,1,-2.0,5,UR A CRAZY JEW FailFish
52.75000,5,1,-1.0,5,15 hour stream WutFace reckClap
53.00000,1,2,0.0,1,:tf:
53.33333,2,1,0.0,5,CiGrip VITAMIN D CiGrip VITAMIN D CiGrip VITAMIN D CiGrip VITAMIN D CiGrip VITAMIN D CiGrip VITAMIN D CiGrip VITAMIN D CiGrip VITAMIN D CiGrip
53.66667,,2,0,3,â“¸â“´ â„¬â„“É‘â„¨â„° â„‘È¶
54.00000,5,2,1.0,5,hehe xD
54.25000,,2,0,5,ðŸ¤”
54.50000,9,1,0.0,5,PARANOID LUL
54.75000,10,2,1.0,2,LOL
55.00000,5,1,-1.0,5,concede= hearthstone forfeit=LoL
57.00000,5,1,-1.0,5,@reckful they said about Hearthstone because you said CONCEDE
57.20000,8,2,0.0,5,"dude, you trolled more than any other person in that game"
57.40000,1,1,0.0,5,RECKFUL WE ARE BALDING CUZ OF EXCESSIVE MASTURBATING. WE NEED TO STOP @Reckful
57.60000,5,1,-1.0,5,ONLY REASON HE SAID HEARTHSTONE IS CAUSE YOU SAID CONCEDE @Reckful
57.80000,1,1,1.0,5,:tf: LUL
58.00000,1,2,0.0,5,:tf: I offered Yasuo more than $50 :tf:
58.20000,8,1,-2.0,5,"@Reckful, the next event you go to im going to find you in your hotel room and scalp you, you stupid jew mother fuck."
58.40000,2,2,0.0,5,HE WAS TELLING THE TRUTH
58.60000,1,1,-1.0,5,YOU SAID CONCEDE INSTEAD OF SURRENDER
58.80000,1,2,0.0,5,:tf:
59.00000,1,1,1.0,5,its kinda getting funny now tho lol
59.50000,1,1,0.0,5,"He said I need money to be funny, probably."
62.00000,9,1,0.0,5,FeelsBadMan this FeelsBadMan used FeelsBadMan to FeelsBadMan be FeelsBadMan an FeelsBadMan interactive FeelsBadMan stream FeelsBadMan .
64.00000,9,2,-1.0,5,SOME MEN JUST WANT TO SEE THE WORLD BURN FeelsBadMan
65.00000,8,1,-2.0,5,concede was a word before hearthstone you stupid fucks
65.50000,,2,-1.0,1,reckRage
66.00000,1,1,1.0,5,Trolling you is definitely worth it. Look at this shit lol
66.50000,9,1,1.0,1,CS LUL
67.00000,1,2,0.0,5,BAM Cx
67.33333,1,2,0.0,5,Cx
67.66667,8,2,0.0,5,get adderal
68.00000,9,1,-1.0,5,paranoid jew FeelsBadMan
68.33333,5,2,-1.0,5,CONCEDE IS HEARTHSTONE TERMINOLOGY
68.66667,,2,1.0,1,SeemsGood
69.00000,5,2,1.0,1,i need money Kappa
69.50000,9,2,0.0,5,CS
70.00000,,2,0.0,5,aalive
71.00000,10,1,1.0,2,LUL
71.20000,8,1,-2.0,5,"@Reckful, the next event you go to im going to find you in your hotel room and scalp you, you stupid jew mother fuck"
71.40000,5,2,1.0,5,XD
71.60000,10,1,1.0,2,LUL
71.80000,1,2,-1.0,5,Last hit BibleThump
72.00000,9,1,0.0,5,anyone have an oddshot of reckful yelling?
72.50000,1,2,0.0,5,BAM Cx
73.00000,8,2,0.0,5,"Sir_Kappanova, its surrender not forfit"
73.33333,1,1,1.0,5,Cx LUL
73.66667,9,2,0.0,5,reynad in chat
74.00000,,2,0,3,!uptime
74.50000,1,2,0.0,5,Cx
75.00000,,2,0,3,"Mincognito 15 hours, 43 minutes"
75.33333,,2,0.0,5,2
75.66667,6,1,-1.0,5,@reckful COnspiRaCy? I THinK So
76.00000,,2,0.0,5,2/5
76.20000,9,1,0.0,5,FeelsBadMan this FeelsBadMan used FeelsBadMan to FeelsBadMan be FeelsBadMan an FeelsBadMan interactive FeelsBadMan stream FeelsBadMan ...
76.40000,4,2,0.0,5,Troll haHAA
76.60000,1,2,0.0,5,he didnt want to take ur money for wronging u bc he wasnt wronging u
76.80000,5,1,-1.0,5,YOU SAID CONCEDE THATS WHY HE MENTIONED HEARTHSTONE
78.00000,2,2,0.0,5,HIS SISTER WAS WATCHING TOY STORY AND YOURE PUTTING HIM ON BLAST
78.50000,5,1,0.0,5,that level one is not possible @Reckful
79.00000,2,2,0.0,5,HE WAS THE ONE WATCHING NETFLIX
79.20000,10,2,1.0,2,PogChamp
79.40000,5,1,0.0,5,SAY IT AGAIN TriHard
79.60000,,2,0,3,PogChamp
79.80000,6,2,1.0,5,Daily Kappa .
80.00000,4,1,0.0,5,@reckful call coach
80.25000,1,2,0.0,5,Cx Cx
80.50000,3,1,1.0,5,1 cs a minute PogChamp
80.75000,10,1,1.0,2,LUL
81.00000,8,1,1.0,5,I remember when u had light in your room and u had colorful shirts...
82.00000,3,1,2.0,5,LUL PEOPLE STILL WATCH THIS MANCHILD LUL
83.00000,5,2,0.0,5,maybe
83.50000,9,1,0.0,5,https://www.youtube.com/watch?v=WI0Twlt1aek NOW HE CAN EAT CUZ OF YOUR STREAM
84.00000,,2,1.0,1,50% PogChamp
84.50000,5,1,-1.0,5,ONLY REASON HE SAID HEARTHSTONE IS CAUSE YOU SAID CONCEDE @Reckful
85.00000,4,1,1.0,5,2 cs 2 minutes PogChamp
85.50000,10,2,1.0,2,Kappa
86.00000,10,2,1.0,2,Kappa
86.20000,6,1,0.0,5,"@reckful Byron go rest man, you're only bringing yourself down because of all of these people"
86.40000,,2,0.0,5,3/7
86.60000,,2,0.0,5,it wouldn't have mattered
86.80000,10,1,1.0,2,LUL
88.00000,5,2,1.0,5,Nice ward reckClap
88.50000,6,1,1.0,1,Daily LUL
89.00000,6,1,2.0,5,i came here from lfg chat in wow. talking about reckgul LUL
90.00000,10,2,1.0,2,:)
92.00000,,2,0.0,5,4
92.25000,9,1,0.0,5,PedoBear
92.50000,10,2,1.0,2,lol
92.75000,9,1,0.0,5,PedoBear
93.00000,,2,1.0,5,@reynad27 Kappa
93.33333,9,1,0.0,5,PedoBear
93.66667,10,1,0.0,2,TriHard
94.00000,3,1,1.0,5,1 CS PER MINUTE PogChamp
95.00000,10,2,0.0,2,ANELE
95.25000,10,2,0.0,2,ANELE
95.50000,,1,0.0,5,East La ?
95.75000,,2,0.0,1,SAYID
96.00000,,2,0.0,5,the tilt has begun
96.20000,1,1,1.0,5,Relaxing and League LUL
96.40000,,2,0.0,5,4/8
96.60000,2,2,-1.0,5,WutFace inc
96.80000,6,2,0.0,5,oddshot
97.00000,4,2,0.0,5,NOR CAL REPRESENT
97.33333,5,2,-1.0,5,Calling a 8 year old a whore
97.66667,1,2,0.0,5,leage and relaxing in the same sentence k
98.00000,10,1,0.0,2,TriHard
98.16667,5,1,-1.0,5,@Reckful dumbass.. you said concede ... that is HS that is how he knew that
98.33333,,2,0.0,1,ANELE
98.50000,10,2,0.0,2,ANELE
98.66667,10,2,0.0,2,CoolCat
98.83333,4,1,0.0,5,WE CHILLIN TriHard
99.00000,9,2,0.0,5,KKool in the chat
99.33333,10,1,0.0,2,TriHard
99.66667,,2,0.0,5,WESTSAYIIIIIIDE
100.00000,10,2,0.0,2,ANELE
100.33333,5,1,0.0,5,WEST SAID ANELE
100.66667,5,1,0.0,5,West ANELE ?
101.00000,10,2,0.0,2,ANELE
101.20000,6,2,0.0,5,ODDSHOT THE RECKRAGE
101.40000,,1,0.0,5,EID? ANELE
101.60000,5,1,1.0,5,U FCK ANNIE LUL\
101.80000,10,2,1.0,2,:)
102.00000,8,1,-2.0,5,"@Reckful, the next event you go to im going to find you in your hotel room and scalp you, you stupid jew mother fuck."
102.33333,5,2,0.0,5,https://www.youtube.com/watch?v=WI0Twlt1aek CHILL WILL THIS ID
102.66667,5,1,-2.0,5,7 year old whore WutFace ?
103.00000,,2,1.0,5,ISRAEL DAYS <3 ANELE
104.00000,4,2,0.0,5,Nor Cal
104.33333,,2,0.0,5,Kappa doesn't break
104.66667,,1,0.0,5,SAEED? ANELE
105.00000,10,2,0.0,2,CoolCat
105.25000,,2,0.0,5,5/9
105.50000,10,2,0.0,2,ANELE
105.75000,10,1,7.0,2,<3 <3 <3 <3 <3 <3 <3
106.00000,5,1,0.0,5,SAID ANELE
106.33333,10,1,1.0,2,LUL
106.66667,10,2,0.0,2,ANELE
107.00000,10,2,0.0,2,ANELE
107.50000,10,2,0.0,2,ANELE
108.00000,10,2,0.0,2,ANELE
108.33333,,2,0.0,5,califronia
108.66667,6,2,0.0,5,MOM BOOM
109.00000,6,1,0.0,1,ANELE MOM BOOM
109.25000,10,2,1.0,2,Kappa
109.50000,9,2,0.0,5,the terrorist won. byron will always be paranoid FeelsBadMan
109.75000,5,2,1.0,5,XDDD
110.00000,8,1,-4.0,5,"@Reckful, the next event you go to im going to find you in your hotel room and scalp you, you stupid jew mother fuck @Reckful, the next event you go to im going to find you in your hotel room and scalp you, you stupid jew mother fuck"
110.33333,4,2,0.0,5,WE CHILLIN haHAA
110.66667,10,2,0.0,2,ANELE
111.00000,,2,0.0,5,6/10
111.50000,,2,0.0,5,chllin ANELE
113.00000,6,2,0.0,5,BOOM ANELE
113.50000,7,1,1.0,5,LUL NA Q
114.00000,10,2,0.0,2,KAPOW ANELE KAPOW
114.25000,,2,0.0,5,https://clips.twitch.tv/reckful/PowerfulBeeArgieB8
114.50000,5,1,-1.0,5,WEST SIDE? ITS 4 AM BrokeBack
114.75000,10,2,2.0,2,GivePLZ TakeNRG
115.00000,10,1,1.0,2,LUL
116.00000,6,2,0.0,5,ANELE BOOM
116.20000,,2,3.0,5,Press Kappa for golden Kappa !!!
116.40000,5,1,0.0,5,HE SAID IT ANELE
116.60000,4,1,0.0,5,ANELE âœˆ â–Œ â–ŒSORRY I SPACED OUT ANELE âœˆ â–Œ â–ŒSORRY I SPACED OUT ANELE âœˆ â–Œ â–ŒSORRY I SPACED OUT
116.80000,5,2,-1.0,5,west coast is weak
117.00000,5,2,0.0,5,gachiGASM
117.50000,1,2,0.0,5,GET HIT deIlluminati
119.00000,10,2,1.0,2,PogChamp
119.33333,6,2,0.0,5,MOM BOOM
119.66667,,2,0,3,PogChamp
120.00000,5,2,0.0,5,West Sahid ANELE
120.33333,10,2,-1.0,2,WutFace
120.66667,2,2,-1.0,5,https://www.youtube.com/watch?v=WI0Twlt1aek MY FINERS ARE GETTING TIRED
121.00000,,2,0.0,5,7/13
121.50000,6,1,0.0,5,ANELE 2 more day NA ANELE
123.00000,8,1,-2.0,5,"@Reckful, the next event you go to im going to find you in your hotel room and scalp you, you stupid jew mother fuck"
123.33333,9,1,0.0,5,9/11 cs ANELE
123.66667,1,2,0.0,5,pro level cs
124.00000,,2,0,5,U did
125.00000,9,2,-1.0,5,bad
125.25000,8,1,0.0,5,"go out, catch some sun."
125.50000,,2,1.0,5,:plane:
125.75000,5,2,-2.0,5,Forfeit = League Concede= Heartstone
126.00000,9,2,-1.0,5,bad...
126.20000,10,1,1.0,2,LUL
126.40000,,1,1.0,5,1:12 PogChamp
126.60000,10,1,1.0,2,LUL
126.80000,10,1,1.0,2,LUL
127.00000,1,2,0.0,5,I r8 ur gameplay 9/11
127.33333,10,2,-1.0,2,NotLikeThis
127.66667,10,1,1.0,2,LUL
128.00000,2,2,0.0,5,REYNAD STILL HERE FeelsGoodMan
128.25000,,1,1.0,5,BYRONZE LUL
128.50000,1,2,-1.0,5,GET HIT WutFace
128.75000,10,1,1.0,2,LUL
129.00000,3,1,3.0,5,I HAD SEX WITH A GIRL TONIGHT AND YOU? WATCHI NG STREAM? NICE NICE MAN YOU ARE EleGiggle
129.25000,10,1,1.0,2,LUL
129.50000,7,1,0.0,5,ANNIE IS BRONZE 4ANNIE IS BRONZE 4ANNIE IS BRONZE 4ANNIE IS BRONZE 4ANNIE IS BRONZE 4ANNIE IS BRONZE 4ANNIE IS BRONZE 4ANNIE IS BRONZE 4ANNIE IS BRONZE 4ANNIE IS BRONZE 4ANNIE IS BRONZE 4
129.75000,7,1,1.0,5,NA CS LUL
132.00000,,2,0.0,5,https://clips.twitch.tv/reckful/LongEagleSoBayed
132.25000,10,1,1.0,2,LUL
132.50000,10,1,1.0,2,LUL
132.75000,5,1,1.0,5,MISSED LUL
133.00000,3,1,1.0,1,"@reckful I'm sorry people DC'd on you, that really really sucks. Don't be discouraged! You play very very well, you're an amazing person, you have an awesome stream, and you also have a ton of people who love and support you!"
135.00000,10,2,-1.0,2,CANNON BibleThump
135.50000,7,2,0.0,5,NA W
137.00000,9,2,0.0,5,Cs God
137.33333,,2,0.0,5,"@prussia45, https://clips.twitch.tv/reckful/StrangePartridgeKappaPride rageful"
137.66667,1,2,-1.0,5,I can't watch this NotLikeThis
138.00000,,2,0.0,5,VisLaud
138.33333,9,2,1.0,5,spell all ur cs ftw
138.66667,10,2,1.0,2,PogChamp
139.00000,,2,0,3,!rank
139.50000,7,1,1.0,5,NA VCOUNTERSTRIKE LUL
140.00000,,2,0,3,"Pairate777, Byronze's current rank: Silver V | op.gg: http://na.op.gg/summoner/userName=Byronze"
140.50000,5,1,0.0,5,https://www.youtube.com/watch?v=WI0Twlt1aek JUST CLICK AND I WILL BE HAPPY
141.00000,10,2,1.0,2,PogChamp
141.33333,8,1,-4.0,5,"@Reckful, the next event you go to im going to find you in your hotel room and scalp you, you stupid jew mother fuck @Reckful, the next event you go to im going to find you in your hotel room and scalp you, you stupid jew mother fuck"
141.66667,,2,0.0,5,https://www.youtube.com/watch?v=gOzE-OpSdXU
142.00000,,1,0.0,5,has he figured out E does damange yet?
142.20000,2,1,-1.0,5,"@Reckful, even if he had a ""level one bug"" it would only be visual and he would know he wasn't level one because he would have 5 skill points"
142.40000,10,2,1.0,2,PogChamp
142.60000,10,2,1.0,2,PogChamp
142.80000,3,1,4.0,5,I HAD SEX WITH A GIRL TONIGHT AND YOU? WATCHI NG STREAM? NICE NICE MAN YOU ARE EleGiggle LUL
143.00000,5,1,1.0,5,annie tried to trade in the middle of 10 minions LUL
143.25000,10,2,0.0,2,CANNON
143.50000,10,2,1.0,2,PogChamp
143.75000,6,2,0.0,5,but save mana
145.00000,10,2,1.0,2,PogChamp
146.00000,7,1,0.0,5,ANNIE IS BRONZE 4ANNIE IS BRONZE 4ANNIE IS BRONZE 4ANNIE IS BRONZE 4ANNIE IS BRONZE 4
146.50000,10,2,1.0,2,PogChamp
148.00000,,2,-1.0,5,damage too
148.50000,,2,0.0,1,cmonBruh
149.00000,2,2,0.0,5,INC GANK
149.33333,10,2,1.0,2,PogChamp
149.66667,,2,0,3,PogChamp
150.00000,10,2,1.0,2,PogChamp
150.33333,,2,0.0,5,NO D
150.66667,10,2,1.0,2,PogChamp
151.00000,8,1,-2.0,5,"@Reckful, the next event you go to im going to find you in your hotel room and scalp you, you stupid jew mother fuck"
151.50000,3,1,-1.0,5,HIT THAT BITCH TriHard
152.00000,,2,1.0,1,PogChamp
152.50000,9,2,0.0,5,spell ur cs
153.00000,9,2,0.0,5,No d FeelsBadMan
154.00000,3,1,3.0,5,I HAD SEX WITH A GIRL TONIGHT AND YOU? WATCHI NG STREAM? NICE NICE MAN YOU ARE EleGiggle LMAO
155.00000,9,1,1.0,5,this cs LUL;
155.33333,,1,1.0,5,NO D LUL
155.66667,7,1,0.0,5,CHAT TELL ME IS CS=COUNTERSTRIKE?????
156.00000,6,1,0.0,5,"@reckful Byron go rest man, you're only bringing yourself down because of all of these people"
156.50000,,1,1.0,5,NO D LUL
157.00000,7,1,1.0,5,annie is bronze 4 LUL
157.50000,9,1,1.0,5,this cs LUL
158.00000,8,1,-4.0,1,"@Reckful, the next event you go to im going to find you in your hotel room and scalp you, you stupid jew mother fuck @Reckful, the next event you go to im going to find you in your hotel room and scalp you, you stupid jew mother fuck"
158.50000,10,2,0.0,2,cmonBruh
163.00000,8,1,-4.0,5,"@Reckful, the next event you go to im going to find you in your hotel room and scalp you, you stupid jew mother fuck @Reckful, the next event you go to im going to find you in your hotel room and scalp you, you stupid jew mother fuck"
163.50000,9,1,0.0,5,PedoBear
164.00000,9,1,1.0,5,CS LUL
164.16667,9,2,0.0,5,OH GOD
164.33333,10,1,1.0,2,LUL
164.50000,10,2,1.0,2,4Head
164.66667,6,1,-1.0,5,https://www.youtube.com/watch?v=WI0Twlt1aek MAN I AM IN THE SAD ZONE SAVE MY DAY
164.83333,7,1,0.0,5,kickman21 Bronze 4 (97 LP)
165.00000,9,1,0.0,5,pedoBear
165.25000,6,2,-1.0,5,think about your CS'ing pattern NotLikeThis
165.50000,7,1,0.0,5,CHAT TELL ME IS CS=COUNTERSTRIKE?????????
165.75000,9,1,1.0,5,LOW ECONOMY STYLE LUL
166.00000,9,1,0.0,5,PedoBear
166.25000,3,1,2.0,5,PogChamp pm me for PORN PogChamp
166.50000,,2,0.0,5,PedoBeart
166.75000,9,1,0.0,5,PedoBear
167.00000,9,1,0.0,5,PedoBear
167.33333,9,1,1.0,5,PedoBear Kreygasm
167.66667,9,1,0.0,5,PedoBear
168.00000,9,1,0.0,5,PedoBear
169.00000,9,1,0.0,5,PedoBear
169.25000,9,1,0.0,5,PedoBear
169.50000,9,1,0.0,5,PedoBear
169.75000,,2,0,5,ðŸ¤”
171.00000,9,1,0.0,5,PedoBear
171.20000,6,2,0.0,1,SourPls
171.40000,9,1,0.0,1,PedoBear
171.60000,9,1,0.0,5,PedoBear
171.80000,10,1,0.0,2,TriHard
172.00000,9,1,0.0,5,PedoBear
172.33333,10,2,1.0,2,LOL
172.66667,9,1,0.0,5,PedoBear
173.00000,,2,0.0,5,lalahofhdo
173.11111,3,1,2.0,5,PogChamp pm me for PORN PogChamp
173.22222,5,1,0.0,5,ANNIE GROWS
173.33333,,2,0.0,5,aaaand it's out there
173.44444,6,2,0.0,5,RAPEFUL
173.55556,6,2,0.0,5,SourPls
173.66667,,2,-1.0,5,PROVOCATIVE
173.77778,5,2,0.0,5,gachiGASM
173.88889,9,1,0.0,5,PedoBear
174.00000,9,1,0.0,5,PedoBear
174.25000,9,1,0.0,5,PedoBear
174.50000,8,1,-2.0,5,"@Reckful, the next event you go to im going to find you in your hotel room and scalp you, you stupid jew mother fuck"
174.75000,7,1,0.0,5,CHAT TELL ME IS CS=COUNTERSTRIKE?????
175.00000,9,1,0.0,5,PedoBear
175.12500,9,1,1.0,5,BECAUSE YOU ARE A PEDO LUL
175.25000,,2,-1.0,1,DansGame
175.37500,,2,-1.0,1,BrokeBack
175.50000,2,1,0.0,5,CiGrip BLAZE CiGrip IT CiGrip BOYS CiGrip
175.62500,,2,0,3,â“¸â“´ â„¬â„“É‘â„¨â„° â„‘È¶
175.75000,10,1,1.0,2,LUL
175.87500,5,1,0.0,5,ALL THAT JUNK INSIDE THAT 7 YEAR OLD TRUNK LUL
176.00000,8,1,0.0,5,it's 3am here. imma go to sleep
176.20000,6,1,1.0,5,RAPEFUL LUL
176.40000,10,1,1.0,2,LUL
176.60000,6,2,0.0,5,ha HAA
176.80000,7,1,0.0,5,ANNIE IS BRONZE 4ANNIE IS BRONZE 4ANNIE IS BRONZE 4ANNIE IS BRONZE 4ANNIE IS BRONZE 4ANNIE IS BRONZE 4ANNIE IS BRONZE 4ANNIE IS BRONZE 4ANNIE IS BRONZE 4ANNIE IS BRONZE 4ANNIE IS BRONZE 4
177.00000,,2,0.0,5,so bipolar.
177.10000,9,1,0.0,5,PedoBear
177.20000,4,1,0.0,5,PedoBear haHAA
177.30000,6,2,0.0,5,RAPEFUL
177.40000,5,2,0.0,5,gachiGASM
177.50000,10,1,1.0,2,LUL
177.60000,10,1,0.0,2,TriHard
177.70000,,2,0.0,5,wiBlush
177.80000,6,2,0.0,5,reckYeah
177.90000,,1,1.0,1,him LUL
178.00000,6,1,0.0,5,https://www.youtube.com/watch?v=WI0Twlt1aek THIS IS THE STUFF https://www.youtube.com/watch?v=WI0Twlt1aek
179.00000,9,1,0.0,5,PedoBear
179.20000,6,2,0.0,5,RAPEFUL
179.40000,4,2,0.0,5,HAHAA
179.60000,5,2,0.0,5,gachiGASM
179.80000,5,2,0.0,5,INVERTED SUMSPELLS DON'T FORGET
180.00000,9,1,4.0,5,PedoBear Kreygasm PedoBear Kreygasm PedoBear Kreygasm PedoBear Kreygasm
180.16667,7,1,0.0,5,CHAT TELL ME IS CS=COUNTERSTRIKE?????????
180.33333,9,1,0.0,5,PedoBear
180.50000,8,1,-4.0,5,"@Reckful, the next event you go to im going to find you in your hotel room and scalp you, you stupid jew mother fuck @Reckful, the next event you go to im going to find you in your hotel room and scalp you, you stupid jew mother fuck"
180.66667,9,1,-1.0,5,RAPE PedoBear
180.83333,9,1,0.0,5,PEDO PedoBear
181.00000,9,1,0.0,5,PedoBear
181.50000,4,2,0.0,5,KKool
182.00000,6,2,0.0,5,ha HAA
182.50000,9,1,0.0,5,PedoBear
184.00000,7,1,0.0,5,this is why your bronze
184.25000,4,2,0.0,5,KKool
184.50000,9,1,0.0,5,PedoBear
184.75000,,2,0.0,5,addicted
185.00000,1,2,0.0,5,NO ONE KNOWS WHAT IT MEANS
185.20000,,2,0.0,1,haHEE
185.40000,7,1,0.0,5,ANNIE IS BRONZE 4ANNIE IS BRONZE 4ANNIE IS BRONZE 4ANNIE IS BRONZE 4ANNIE IS BRONZE 4ANNIE IS BRONZE 4ANNIE IS BRONZE 4ANNIE IS BRONZE 4vANNIE IS BRONZE 4ANNIE IS BRONZE 4ANNIE IS BRONZE 4ANNIE IS BRONZE 4ANNIE IS BRONZE 4ANNIE IS BRONZE 4ANNIE IS BRONZE 4
185.60000,7,1,0.0,5,CHAT TELL ME IS CS=COUNTERSTRIKE?????
185.80000,8,1,-1.0,5,Crazy Jew
186.00000,,2,0.0,5,ReckPls
186.25000,5,2,1.0,1,ANNIES TRUNK Kreygasm
186.50000,5,1,0.0,5,WHATS THAT SONG CALLED?
186.75000,9,1,0.0,5,PEDOFUL PedoBear PEDOFUL PedoBear PEDOFUL PedoBear PEDOFUL PedoBear PEDOFUL PedoBear PEDOFUL PedoBear PEDOFUL PedoBear PEDOFUL PedoBear PEDOFUL PedoBear PEDOFUL PedoBear
187.00000,4,1,-1.0,5,FUCK HER UP PedoBear
187.50000,10,1,0.0,2,TriHard
188.00000,5,2,0.0,5,INVERTED SUMSPELLS DON'T FORGET!
188.50000,1,1,0.0,5,https://www.youtube.com/watch?v=WI0Twlt1aek BAM https://www.youtube.com/watch?v=WI0Twlt1aek BAM
191.00000,9,1,1.0,5,PedoBear NICE
191.50000,10,1,1.0,2,LUL
192.00000,4,2,0.0,5,KKool
192.50000,9,1,0.0,5,PedoBear
193.00000,6,2,0.0,5,bttvPedo
194.00000,9,1,0.0,1,PedoBear
195.00000,,2,0,3,!
195.25000,6,2,0.0,5,@Ryzepwns yes
195.50000,9,1,0.0,5,PedoBear
195.75000,2,1,0.0,5,Happy? FeelsGoodMan
196.00000,9,1,0.0,5,PedoBear
196.20000,1,2,0.0,5,STOP
196.40000,6,2,0.0,1,bttvPedo
196.60000,7,1,0.0,5,ANNIE IS BRONZE 4ANNIE IS BRONZE 4ANNIE IS BRONZE 4ANNIE IS BRONZE 4ANNIE IS BRONZE 4ANNIE IS BRONZE 4ANNIE IS BRONZE 4ANNIE IS BRONZE 4
196.80000,9,1,0.0,5,PedoBear
197.00000,6,2,0.0,5,reckYeah
197.50000,8,2,0.0,5,stfu klausis
198.00000,9,1,1.0,5,PedoBear Kreygasm
198.33333,10,2,-1.0,2,WutFace
198.66667,1,2,0.0,5,smite > league
199.00000,9,1,0.0,5,PEDOFUL PedoBear PEDOFUL PedoBear PEDOFUL PedoBear PEDOFUL PedoBear PEDOFUL PedoBear
199.33333,9,1,-1.0,5,YOU SLUT PedoBear
199.66667,,1,0.0,5,?
200.00000,9,2,0.0,5,PEDO SOCIOPATH
200.50000,9,1,-1.0,1,so scared PedoBear
202.00000,3,2,0.0,5,NO MANA
202.50000,1,1,-1.0,5,IS THIS THE NEW GROSSGORE??? IS THIS THE NEW GROSSGORE??? IS THIS THE NEW GROSSGORE??? IS THIS THE NEW GROSSGORE??? WutFace ?
204.00000,9,1,0.0,5,PedoBear PedoBear PedoBear
204.33333,9,2,-1.0,5,Scared of the pedo
204.66667,1,2,-1.0,5,stop wasting mana
205.00000,8,1,-2.0,5,"KKool @Reckful, the next event you go to im going to find you in your hotel room and scalp you, you stupid jew mother fuck"
205.50000,10,2,0.0,2,cmonBruh
206.00000,3,2,0.0,5,no mana
207.00000,,2,0.0,5,1:12
208.00000,,2,0.0,5,the sounds is so out
208.50000,6,2,0.0,5,"@Ryzepwns, I think it's creep score, as in the amount of minions he killed"
209.00000,7,1,0.0,5,@Reckful ANNIE IS BRONZE 4ANNIE IS BRONZE 4ANNIE IS BRONZE 4ANNIE IS BRONZE 4ANNIE IS BRONZE 4ANNIE IS BRONZE 4
209.50000,3,2,0.0,5,NO MANA
212.00000,2,2,0.0,5,WE WATCHING
212.50000,9,2,-1.0,5,CS NotLikeThis
213.00000,,2,0.0,5,NOOOOOOOOOOOOOOOOOOOOOOOOOOOOB
213.20000,3,1,3.0,5,I HAD SEX WITH A GIRL TONIGHT AND YOU? WATCHI NG STREAM? NICE NICE MAN YOU ARE EleGiggle
213.40000,9,1,0.0,5,PEDOFUL PedoBear PEDOFUL PedoBear PEDOFUL PedoBear PEDOFUL PedoBear PEDOFUL PedoBear PEDOFUL PedoBear PEDOFUL PedoBear PEDOFUL PedoBear PEDOFUL PedoBear
213.60000,5,1,0.0,5,https://www.youtube.com/watch?v=WI0Twlt1aek I JUST NEED THE LINK
213.80000,7,1,0.0,1,Annie is useless lategame at lvl 18 reck7
214.00000,9,1,0.0,5,SCAREDY CAT PedoBear
214.50000,3,2,0.0,5,NO MANA
217.00000,6,2,0.0,5,reckYeah
219.00000,5,1,-2.0,5,CONCEDE IS A HEARTHSTONE TERM FailFish
220.00000,9,2,-1.0,5,CS BrokeBack
221.00000,8,1,-4.0,5,"@Reckful, the next event you go to im going to find you in your hotel room and scalp you, you stupid jew mother fuck @Reckful, the next event you go to im going to find you in your hotel room and scalp you, you stupid jew mother fuck"
221.25000,9,1,1.0,5,cs god PogChamp
221.50000,5,1,0.0,5,https://www.youtube.com/watch?v=WI0Twlt1aek JUST SEE THE LINK
221.75000,5,1,0.0,5,ANNIE R U OK
223.00000,1,2,1.0,5,nice last hit
225.00000,1,2,0.0,5,STOP TRYING TO HIT HER AND CS
226.00000,5,1,0.0,1,ANNIE GROW TriHard ANNIE GROW TriHard ANNIE GROW TriHard ANNIE GROW TriHard ANNIE GROW TriHard ANNIE GROW TriHard ANNIE GROW TriHard
228.00000,9,2,0.0,5,CS
230.00000,10,2,1.0,2,PogChamp cannon
230.33333,,2,0,3,PogChamp
230.66667,6,2,0.0,5,ha haa
231.00000,,1,1.0,5,soft tune?
231.20000,6,2,0.0,5,https://www.youtube.com/watch?v=WI0Twlt1aek DAD WERE AREE YOU
231.40000,5,1,0.0,5,ANNIE R U OK R U OK ANNIE
231.60000,8,1,-4.0,5,"@Reckful, the next event you go to im going to find you in your hotel room and scalp you, you stupid jew mother fuck @Reckful, the next event you go to im going to find you in your hotel room and scalp you, you stupid jew mother fuck"
231.80000,5,1,0.0,5,TriHard HE SAID IT TriHard HE SAID IT TriHard HE SAID IT TriHard HE SAID IT TriHard HE SAID IT
234.00000,10,2,1.0,2,Kreygasm
235.00000,5,2,0.0,5,gachiGASM
238.00000,2,2,0.0,5,didn't miss cannon FeelsGoodMan
238.50000,9,1,0.0,5,PedoBear
240.00000,5,1,0.0,5,ANNIE R U OK R U OK R U OK ANNIE
240.25000,5,1,0.0,1,ANNIE GROW cmonBruh
240.50000,5,1,0.0,5,NNIE GROW TriHard ANNIE GROW TriHard ANNIE GROW TriHard ANNIE GROW TriHard ANNIE GROW TriHard ANNIE GROW TriHard ANNIE GROW TriHard
240.75000,,2,-1.0,5,https://www.youtube.com/watch?v=WI0Twlt1aek THIS IS THE CRY MODE
241.00000,10,1,1.0,2,LUL
241.50000,9,2,0.0,5,focus on cs
243.00000,5,1,0.0,1,ANNIE GROW TriHard ANNIE GROW TriHard ANNIE GROW TriHard ANNIE GROW TriHard ANNIE GROW TriHard ANNIE GROW TriHard
243.33333,,1,0.0,5,???????????
243.66667,10,1,1.0,2,LUL
244.00000,8,1,-4.0,5,"@Reckful, the next event you go to im going to find you in your hotel room and scalp you, you stupid jew mother fuck @Reckful, the next event you go to im going to find you in your hotel room and scalp you, you stupid jew mother fuck"
245.00000,5,1,0.0,5,ANNIE R U OK
245.50000,,2,-1.0,5,ðŸ¤” where is the enemy jungler
246.00000,10,1,2.0,2,LUL LUL
247.00000,9,2,0.0,5,wat is this cs fiesta
247.33333,8,2,0.0,5,stfu klausis
247.66667,9,1,1.0,5,first blood LUL
248.00000,5,1,0.0,5,give annie first blood so she can become a woman
249.00000,10,1,1.0,2,LUL
250.00000,7,1,-1.0,5,annie from community is lil slut
251.00000,10,1,1.0,2,LUL
253.00000,,2,0,3,!uptime
253.33333,6,2,0.0,5,sadMan
253.66667,5,1,-1.0,5,FIST ANNNIE
254.00000,,2,0,3,"Happythen00b 15 hours, 46 minutes"
254.33333,,2,1.0,5,Ice Poseidon PogChamp
254.66667,,1,0.0,5,rank?
255.00000,1,2,0.0,5,Cx
255.33333,9,2,0.0,5,oh no
255.66667,5,2,0.0,5,Q THROUGH MINIONS TO INCREASE RANGE
256.00000,7,1,0.0,5,The w from annie is so bronze
257.00000,8,1,-2.0,5,"@Reckful, the next event you go to im going to find you in your hotel room and scalp you, you stupid jew mother fuck"
259.00000,7,2,-1.0,5,NA Q's WutFace
259.50000,,2,0.0,5,Lololo
260.00000,5,1,0.0,5,POKE ANNIE
260.33333,8,2,1.0,5,fag fag fag fag KappaPride
260.66667,6,2,-1.0,5,https://www.youtube.com/watch?v=WI0Twlt1aek IM SAD
261.00000,,2,0.0,1,ISIS BORN ANELE
261.50000,6,2,-1.0,5,Don't be sad sociopathtest. Have a FrankerZ
263.00000,2,2,0.0,5,just use your passive for your ult and it doesn't cost anything...
265.00000,,2,0,3,!rank
265.25000,5,1,0.0,5,You need to land your Q on a minion to make it go further mate @Reckful
265.50000,,2,0,3,"jenaholic, Byronze's current rank: Silver V | op.gg: http://na.op.gg/summoner/userName=Byronze"
265.75000,10,2,1.0,2,4Head
266.00000,2,2,0.0,1,FeelsGoodMan MedTime meowDuck
266.50000,,1,0.0,5,?????????????
267.00000,,2,0.0,5,MY B
267.20000,,2,0.0,5,Funions OpieOP
267.40000,8,1,-4.0,5,"@Reckful, the next event you go to im going to find you in your hotel room and scalp you, you stupid jew mother fuck @Reckful, the next event you go to im going to find you in your hotel room and scalp you, you stupid jew mother fuck"
267.60000,,2,-1.0,1,WutFace
267.80000,10,2,0.0,2,ANELE
268.00000,2,2,0.0,5,the hell
268.33333,5,1,-2.0,5,"that annie is doing everything you can possibly do wrong, wrong"
268.66667,10,2,-1.0,2,BrokeBack
269.00000,10,2,0.0,2,:O
269.25000,6,2,1.0,5,https://www.youtube.com/watch?v=WI0Twlt1aek MAKE ME GLAD
269.50000,,2,0,5,...
269.75000,,2,-1.0,5,WutFace wuwuuwuw
270.00000,,2,0,3,!uptime
270.20000,2,1,1.0,5,GRILLS WATCHING ? PogChamp
270.40000,5,2,0.0,5,Testing link: https://clips.twitch.tv/reckful/CarefulMallardShadyLulu
270.60000,,1,0.0,5,?
270.80000,5,2,0.0,5,someone ban that dude
271.00000,,2,0,3,"Adurkadurka 15 hours, 46 minutes"
273.00000,10,2,1.0,2,<3
275.00000,1,2,0.0,5,https://www.youtube.com/watch?v=WI0Twlt1aek WATCH THE VID
278.00000,5,1,-1.0,5,HotPokket BITCH ????
278.50000,8,1,-4.0,5,"@Reckful, the next event you go to im going to find you in your hotel room and scalp you, you stupid jew mother fuck @Reckful, the next event you go to im going to find you in your hotel room and scalp you, you stupid jew mother fuck"
279.00000,5,2,0.0,5,You have been timed out for 300 seconds. Reason: Banned phrase (ID: 57d28f674f4d1faf1f9ac149)
279.50000,,2,-1.0,5,ILLUMINATE WutFace
280.00000,5,2,1.0,5,warding :D reckClap
280.50000,,2,0,3,!uptime
281.00000,,2,0,3,"Tydus93 15 hours, 46 minutes"
283.00000,4,2,0.0,5,U have a free stell up
283.50000,1,2,0.0,5,STOP Q'ING WHEN SHE WALKS AWAY
285.00000,10,2,-1.0,2,BabyRage
288.00000,5,1,1.0,5,PogChamp reckClap
289.00000,,2,0,3,PogChamp
291.00000,9,1,-1.0,5,PedoBear FUCK HER PedoBear @Reckful
293.00000,5,1,0.0,5,https://www.youtube.com/watch?v=WI0Twlt1aek I NEED YOU TO SEE THIS
293.25000,10,2,0.0,2,ANELE
293.50000,,2,0.0,5,KlausIsBack DatSheffy 7
293.75000,5,1,-1.0,5,this annie BrokeBack
295.00000,8,1,-4.0,5,"@Reckful, the next event you go to im going to find you in your hotel room and scalp you, you stupid jew mother fuck.@Reckful, the next event you go to im going to find you in your hotel room and scalp you, you stupid jew mother fuck"
297.00000,9,2,1.0,5,He's still playing PogChamp
298.00000,1,2,0.0,5,Q when she goes for last hit on minions
299.00000,,2,0.0,5,https://www.youtube.com/watch?v=WI0Twlt1aek THIS IS IT
300.00000,,2,0.0,5,VROOOM
301.00000,8,1,1.0,5,30k car going by LUL
301.50000,10,2,0.0,2,GG
302.00000,4,1,0.0,5,does he know that passive gives you a free ability?
303.00000,,2,1.0,1,if Kappa
306.00000,10,2,1.0,2,lol
307.00000,5,2,0.0,5,https://www.youtube.com/watch?v=WI0Twlt1aek THIS IS THE SAME LINK
308.00000,3,2,1.0,5,LS KappaPride
311.00000,8,1,-4.0,5,"@Reckful, the next event you go to im going to find you in your hotel room and scalp you, you stupid jew mother fuck @Reckful, the next event you go to im going to find you in your hotel room and scalp you, you stupid jew mother fuck"
313.00000,,2,0.0,5,Very Interesting Gamplay ResidentSleeper
314.00000,8,2,0.0,5,@klausisbackxd this fag danSgame
315.00000,3,1,1.0,5,4 MANA PogChamp
315.50000,1,1,1.0,5,LUL CANT CS
316.00000,,2,0.0,5,PedoBearreckClap
316.33333,5,1,-1.0,5,but you said bitch though
316.66667,,2,0.0,5,https://clips.twitch.tv/reckful/LongEagleSoBayed
317.00000,,2,0.0,5,it adds up
317.33333,10,1,1.0,2,LUL
317.66667,,1,0.0,5,???
318.00000,3,2,2.0,5,NICE CANNON Kappa
318.50000,6,1,1.0,1,canons in 2016 LUL
319.00000,10,2,0.0,2,CANNON
321.00000,3,2,0.0,5,SEX LS gachiGASM
322.00000,7,1,-1.0,5,THIS annie cant cs for shit
322.20000,2,2,0.0,5,yes it is
322.40000,,2,1.0,5,edgy commenters PogChamp
322.60000,5,2,1.0,5,hehe xd
322.80000,7,1,1.0,5,NA CS LUL
323.00000,1,2,0.0,5,bro i just took a 14 day suspension so now i have to watch TWITCH
323.25000,8,1,-4.0,5,"@Reckful, the next event you go to im going to find you in your hotel room and scalp you, you stupid jew mother fuck @Reckful, the next event you go to im going to find you in your hotel room and scalp you, you stupid jew mother fuck"
323.50000,10,1,1.0,2,KILL HER LUL
323.75000,6,2,0.0,5,https://www.youtube.com/watch?v=WI0Twlt1aek I HAVE BEEN SPAMING FOR AN HOUR
326.00000,1,2,0.0,5,cant watch this csing anymore looks liek my own silver games
326.50000,2,2,-2.0,5,YOU FUCKING SUCK
328.00000,1,2,-1.0,5,O SHIT WADDUP
328.50000,10,2,1.0,2,Kreygasm
329.00000,5,2,0.0,5,gachiGASM
330.00000,1,2,-1.0,5,you're dead in 1 spell
330.33333,5,1,1.0,5,Annie counters Lissandra tho Lul
330.66667,5,2,0.0,5,gachiGASM
332.00000,5,2,0.0,5,gachiGasm
332.50000,1,2,0.0,5,"@lloydy2, level a new account"
333.00000,3,1,0.0,5,"@Reckful, you get 4 mana per minion"
335.00000,5,2,0.0,5,gachiGASM
335.50000,9,2,-1.0,5,CSING SO BAD
336.00000,,1,0.0,5,??????????????
336.50000,7,2,0.0,5,NA cs
337.00000,10,2,1.0,2,lol
337.33333,2,2,-1.0,5,triggered from him missing every cannon NotLikeThis
337.66667,9,1,1.0,5,cs LUL
338.00000,10,2,1.0,2,LOL\
338.50000,2,2,0.0,5,https://www.youtube.com/watch?v=WI0Twlt1aek JUST LOOK AT ME
339.00000,8,1,-4.0,5,"@Reckful, the next event you go to im going to find you in your hotel room and scalp you, you stupid jew mother fuck @Reckful, the next event you go to im going to find you in your hotel room and scalp you, you stupid jew mother fuck"
340.00000,2,2,0.0,5,ult the cree[s [;s
340.50000,5,2,0.0,5,gachiGASM
341.00000,,2,1.0,1,PogChamp
341.33333,,2,0,3,PogChamp
341.66667,3,2,0.0,5,4*4=16 mana=20-40% on spellcosts
342.00000,10,2,-1.0,2,DansGame
342.50000,2,2,-1.0,5,shaco DansGame
343.00000,6,1,1.0,5,NA GANK LUL
343.50000,5,2,0.0,5,gachiGASM
344.00000,6,2,0.0,5,NA GANK
344.50000,,2,1.0,1,MingLee
345.00000,5,1,-1.0,5,did you say bitch though?
345.50000,,1,1.0,5,double team LUL
346.00000,,2,0.0,5,SHAC :O
346.33333,2,2,1.0,5,yes :)
346.66667,6,2,0.0,5,dat gank
348.00000,9,1,1.0,5,use Q to cs DUDE LOL
348.50000,8,1,-4.0,5,"@Reckful, the next event you go to im going to find you in your hotel room and scalp you, you stupid jew mother fuck@Reckful, the next event you go to im going to find you in your hotel room and scalp you, you stupid jew mother fuck"
349.00000,10,2,1.0,2,MingLee
349.50000,,1,0.0,5,?????????????
350.00000,,1,0.0,5,??
350.50000,9,2,0.0,1,I've never played this game before and I can tell he isn't doing well
351.00000,8,1,-1.0,5,@23xtrbiceps fuck you
352.00000,6,1,0.0,5,https://www.youtube.com/watch?v=WI0Twlt1aek I NEED SOME ATENTION
353.00000,,1,0.0,5,??????????
353.33333,2,2,-2.0,5,@legendary_meme that shit boring as hell but im trying
353.66667,8,1,-4.0,5,"@Reckful, the next event you go to im going to find you in your hotel room and scalp you, you stupid jew mother fuck @Reckful, the next event you go to im going to find you in your hotel room and scalp you, you stupid jew mother fuck"
355.00000,1,1,1.0,5,NO MANA NOW LUL
358.00000,7,2,0.0,5,Kregasm CS
358.20000,3,2,0.0,5,Watch my dank stream
358.40000,2,2,0.0,5,dads still live FeelsGoodMan
358.60000,6,1,-2.0,5,"@Reckful, ban this stupid cunt"
358.80000,3,2,0.0,5,MODS
359.00000,6,2,0.0,5,uncoachable
359.50000,10,2,1.0,2,LOL
361.00000,9,2,0.0,5,KreyGasm CS
362.00000,6,2,0.0,5,OOM OF MANA sadMAn
362.33333,2,2,0.0,5,"@lloydy2, dont play bots, play normal"
362.66667,10,2,1.0,2,LOL
363.00000,9,1,1.0,1,anyone LUL
364.00000,6,2,0.0,5,sadMan
364.33333,3,1,0.0,5,RIP MANA LUL
364.66667,5,1,1.0,5,BACK TO HEARTHSTONE PogChamp
365.00000,5,2,0.0,5,GachiGasm
365.50000,5,2,-1.0,5,https://www.youtube.com/watch?v=WI0Twlt1aek LLINK TO THE DANGER ZONE
366.00000,2,2,1.0,5,play with 1 hand Kappa
367.00000,,2,0.0,5,69
367.33333,8,1,-4.0,5,"@Reckful, the next event you go to im going to find you in your hotel room and scalp you, you stupid jew mother fuck @Reckful, the next event you go to im going to find you in your hotel room and scalp you, you stupid jew mother fuck"
367.66667,10,1,1.0,2,LUL
368.00000,9,2,0.0,5,FeelsBadMan
369.00000,8,1,-2.0,5,"KlausIsBackXD: @Reckful, the next event you go to im going to find you in your hotel room and scalp you, you stupid jew mother fuck"
369.25000,6,2,0.0,5,"@KlausIsBackXD, Cmonbruh"
369.50000,5,2,0.0,5,Gachigasm
369.75000,10,1,1.0,2,LUL
370.00000,8,1,0.0,5,jew
370.33333,7,2,0.0,5,CHA CHING
370.66667,8,1,1.0,5,JEW LUL
371.00000,8,1,0.0,5,jew
371.12500,1,1,0.0,5,how is no one banning him?
371.25000,8,1,1.0,1,JEW LUL
371.37500,9,2,0.0,5,FeelsBadMan
371.50000,5,2,0.0,5,gachiGASM
371.62500,8,1,0.0,5,JEW
371.75000,6,2,0.0,5,sadMan
371.87500,8,1,1.0,5,JEW LUL
372.00000,8,1,0.0,5,JEWWWWWW
372.50000,8,1,0.0,5,jew
373.00000,8,1,0.0,5,JEW
373.25000,3,1,0.0,5,come on u dumb mods LUL
373.50000,8,1,1.0,1,JEW LUL
373.75000,8,1,0.0,5,JEW
374.00000,8,1,0.0,5,JEW FeelsAmazingMan
374.14286,3,1,0.0,5,are there no mods?
374.28571,5,2,-1.0,5,@furyberserker Triggered cause you and him are shit
374.42857,,2,0.0,5,qtpPLS
374.57143,8,1,1.0,5,jew LUL
374.71429,8,1,1.0,5,JEW LUL
374.85714,8,1,0.0,5,JEW
375.00000,6,2,1.0,5,https://www.youtube.com/watch?v=WI0Twlt1aek sociopathtest we in this together <3
375.14286,8,1,0.0,5,JEW
375.28571,10,2,1.0,2,MingLee
375.42857,8,1,0.0,5,JEW
375.57143,8,1,0.0,5,CLASSIC jew
375.71429,8,1,0.0,5,JEW
375.85714,7,2,0.0,5,CHA CHING
376.00000,8,1,0.0,5,JEW
376.25000,,2,0.0,5,KEW
376.50000,8,1,0.0,5,JEW
376.75000,8,1,1.0,5,JEW LUL
377.00000,10,1,1.0,2,LUL
377.20000,8,1,1.0,5,JEW LUL
377.40000,8,1,0.0,5,JEW
377.60000,8,1,0.0,5,JEW
377.80000,,2,0.0,5,JUDEN
378.00000,1,1,0.0,5,https://www.youtube.com/watch?v=WI0Twlt1aek IF YOU WATCH i CAN DYE HAPPY
378.50000,8,1,0.0,5,JEW
379.00000,8,1,-4.0,5,"@Reckful, the next event you go to im going to find you in your hotel room and scalp you, you stupid jew mother fuck @Reckful, the next event you go to im going to find you in your hotel room and scalp you, you stupid jew mother fuck"
380.00000,10,1,1.0,2,LUL
380.25000,9,1,2.0,5,EXCITED 70 TIMES A GAME LUL
380.50000,8,1,0.0,5,JEW
380.75000,8,1,1.0,5,JEW LUL
381.00000,7,2,0.0,5,HairBack cha ching
381.20000,,2,0,5,$$$$$$$
381.40000,10,1,1.0,2,LUL
381.60000,5,2,0.0,5,shekels gachiGASM
381.80000,2,2,1.0,5,@legendary_meme i do play normal but its just like bots before level 30
382.00000,8,1,0.0,5,JEW
382.25000,1,1,2.0,5,sweet jew gold Kappa
382.50000,8,1,0.0,5,jew
382.75000,8,1,1.0,5,JEW LUL
383.00000,10,1,1.0,2,LUL
383.33333,,2,0.0,5,69 +20
383.66667,6,2,0.0,5,SourPls
384.00000,,2,1.0,1,PogChamp
384.20000,8,1,1.0,5,JEW LUL
384.40000,,2,0,3,PogChamp
384.60000,,2,0,1,$$$$$$$$$$$
384.80000,5,2,2.0,5,HE DOES LIKE GOLD
385.00000,2,2,-1.0,5,FUCKING JEWS
385.50000,2,1,1.0,5,jew gold FeelsGoodMan
386.00000,7,2,0.0,5,rareJew
386.33333,8,1,1.0,5,JEW LUL
386.66667,8,1,-2.0,5,"KlausIsBackXD: @Reckful, the next event you go to im going to find you in your hotel room and scalp you, you stupid jew mother fuck ."
387.00000,5,2,1.0,5,LOL MISSED
387.33333,10,1,1.0,2,LUL
387.66667,,2,0.0,5,MINIMAP
389.00000,2,2,0.0,5,"""I'm not used to getting it"""
389.50000,10,1,1.0,2,LUL
390.00000,,1,1.0,5,LUL IN 2016
390.25000,8,1,0.0,5,GAS THE JEW
390.50000,8,1,1.0,5,JEW LUL
390.75000,2,2,0.0,5,JEWS DID 9/11
391.00000,,2,0,3,!uptime
391.25000,,2,0.0,5,RareParrot
391.50000,8,1,-4.0,5,"@Reckful, the next event you go to im going to find you in your hotel room and scalp you, you stupid jew mother fuck @Reckful, the next event you go to im going to find you in your hotel room and scalp you, you stupid jew mother fuck"
391.75000,7,2,1.0,5,TIME IS MONEY FRIEND CHA CHING MingLee
392.00000,,2,1.0,5,HAPPY MERCHANT :)
392.50000,,2,0,3,"Grumahr 15 hours, 48 minutes"
393.00000,5,1,3.0,5,"yeah right, a jew not used to getting gold Kappa"
394.00000,9,2,0.0,5,miss 30
395.00000,1,1,2.0,1,JEW GOLD LUL
395.33333,5,1,2.0,5,MISSED 40 GOLD LUL
395.66667,6,1,1.0,1,0 cannons LUL
397.00000,7,2,0.0,5,rareJew CHA CHING
398.00000,1,1,0.0,5,@reckful NEW SUB SOUND CHA-CHING
398.25000,,2,0,5,.........
398.50000,6,1,1.0,5,"@KlausIsBackXD, what a badass you are LUL"
398.75000,2,1,1.0,5,shaco inc LUL
399.00000,,2,0.0,5,WHERMACHT
400.00000,9,2,0.0,5,Epiknise CS KaRappa
400.25000,10,1,1.0,2,LUL
400.50000,8,1,-4.0,5,"@Reckful, the next event you go to im going to find you in your hotel room and scalp you, you stupid jew mother fuck @Reckful, the next event you go to im going to find you in your hotel room and scalp you, you stupid jew mother fuck"
400.75000,5,2,-1.0,1,Missed 3 caddys NotLikeThis
401.00000,10,1,1.0,2,LUL
401.25000,8,1,-2.0,5,"KlausIsBackXD: @Reckful, the next event you go to im going to find you in your hotel room and scalp you, you stupid jew mother fuck"
401.50000,9,1,1.0,5,cs LUL
401.75000,2,2,0.0,5,SHACO
402.00000,,2,0.0,5,b
402.33333,5,2,0.0,5,https://www.youtube.com/watch?v=WI0Twlt1aek THIS WILL FIX THE MOD
402.66667,2,2,0.0,5,ward
404.00000,5,1,0.0,1,ANNIE GROW TriHard ANNIE GROW TriHard ANNIE GROW TriHard ANNIE GROW TriHard ANNIE GROW TriHard
407.00000,3,2,-1.0,5,RIP
407.33333,5,2,0.0,5,https://www.youtube.com/watch?v=WI0Twlt1aek MOOD
407.66667,2,1,1.0,5,Shaco inc LUL
409.00000,5,2,0.0,5,back up
409.50000,1,1,1.0,5,LUL DEAD LUL
410.00000,2,2,0.0,5,wards are good
410.50000,2,2,1.0,5,30% Luck; 0% Skill; 15% Concentrated Power of Will; 100% Feed; 50% Flame. 100% Chance of Missing Cannon Again.
412.00000,9,2,0.0,5,CS
412.16667,2,2,-2.0,5,SO FUCKING HARD TO WATCH
412.33333,6,2,-1.0,5,0 CANNONS NotLikeThis
412.50000,2,2,0.0,5,WARD
412.66667,5,2,0.0,5,https://www.youtube.com/watch?v=WI0Twlt1aek THIS THE THE LINK
412.83333,,2,1.0,5,u sux lol
413.00000,1,1,2.0,5,LUL DEAD LUL LUL DEAD LUL
414.00000,,2,-2.0,5,fake yawn
414.50000,5,1,0.0,5,ANNIE GROW TriHard ANNIE GROW TriHard ANNIE GROW TriHard ANNIE GROW TriHard ANNIE GROW TriHard
415.00000,10,1,0.0,2,TriHard
416.00000,3,1,0.0,5,RIP LUL
417.00000,2,1,0.0,5,"@Reckful, ward because Shaco"
418.00000,5,1,0.0,1,ANNIE GROW TriHard ANNIE GROW TriHard ANNIE GROW TriHard ANNIE GROW TriHard
419.00000,,2,0.0,1,cmonBruh
419.50000,8,1,-4.0,5,"Amigogang: KlausIsBackXD: @Reckful, the next event you go to im going to find you in your hotel room and scalp you, you stupid jew mother fuck Amigogang: KlausIsBackXD: @Reckful, the next event you go to im going to find you in your hotel room and scalp you, you stupid jew mother fuck"
420.00000,2,2,0.0,5,USE WARDS BYRONE
421.00000,2,1,8.0,5,KRIPP ONLINE PogChamp KRIPP ONLINE PogChamp KRIPP ONLINE PogChamp KRIPP ONLINE PogChamp KRIPP ONLINE PogChamp KRIPP ONLINE PogChamp KRIPP ONLINE PogChamp KRIPP ONLINE PogChamp
422.00000,5,2,0.0,5,Back now
423.00000,10,1,0.0,2,TriHard
423.33333,7,2,0.0,5,yeah
423.66667,9,1,-1.0,5,"@reckful slap yourself everytime you miss a CS, it's what Athene used to do"
424.00000,10,2,0.0,2,Q
424.50000,5,2,0.0,5,FFARM gachiGASM
425.00000,9,2,-1.0,5,god his csing tilts me hard
425.50000,,1,0.0,5,no denies LUL
428.00000,5,1,1.0,5,"@Reckful Byron, you should take the Mastery called Bandit since you're not the greatest at CSing it will give you gold even if you don't last hit the minions."
428.50000,2,2,0.0,5,yes
430.00000,5,1,1.0,5,https://www.youtube.com/watch?v=WI0Twlt1aek I NEED YOU LOVE
430.33333,5,1,3.0,5,"@Reckful, you could have like 2.5k gold now 4Head"
430.66667,6,1,0.0,5,@reckful go abyssal first item
432.00000,,1,0.0,5,?????????
433.00000,10,2,1.0,2,MingLee
434.00000,,2,0,3,!uptime
435.00000,,2,0,3,"brondan 15 hours, 49 minutes"
435.50000,,2,0,3,!rank
436.00000,,1,0.0,5,911 ANELE ANELE ANELE ANELE
436.33333,,2,0,3,"HitmanM24, Byronze's current rank: Silver V | op.gg: http://na.op.gg/summoner/userName=Byronze"
436.66667,8,1,-2.0,5,"KlausIsBackXD: @Reckful, the next event you go to im going to find you in your hotel room and scalp you, you stupid jew mother fuck"
437.00000,10,2,1.0,2,MingLee
437.50000,,2,0.0,5,buy mr
438.00000,,2,0.0,5,YE
438.20000,6,2,1.0,5,LACIST MingLee
438.40000,,1,0.0,5,???????
438.60000,10,2,1.0,2,MingLee
438.80000,10,1,0.0,2,TriHard
439.00000,10,2,1.0,2,MingLee
439.50000,7,2,0.0,1,reck7 reck7
440.00000,10,2,1.0,2,MingLee
441.00000,8,1,-2.0,5,"KlausIsBackXD: @Reckful, the next event you go to im going to find you in your hotel room and scalp you, you stupid jew mother fuck ."
441.50000,1,1,0.0,5,V I NEED YOU WATCHhttps://www.youtube.com/watch?v=WI0Twlt1aek
442.00000,10,1,0.0,2,TriHard
442.33333,6,2,1.0,5,LACIST REPORTED MingLee
442.66667,5,1,0.0,5,TriHard HE SAID IT TriHard HE SAID IT TriHard HE SAID IT TriHard HE SAID IT
444.00000,,1,0.0,5,TriHard o7
444.14286,10,2,0.0,2,cmonBruh
444.28571,,2,1.0,5,Tai dzao le MingLee
444.42857,,2,1.0,5,hot babes here t.co/NjyGA2C6Pt
444.57143,10,1,0.0,2,TriHard
444.71429,,2,0,3,dclbmimvdclbmimv -> ( Â° ÍœÊ–Í¡Â°)â•­âˆ©â•® [warning]
444.85714,,2,0,3,!rank
445.00000,,1,1.0,5,MingLee ?
446.00000,9,1,1.0,5,"@Reckful do you know that there is no point is hiding a champion selection screen because you have 2 clients and you can chat and add friends while you playing a game, so if anyone of you teammates use it in this way then there is still a chance to contact your teammates to throw the game?"
446.20000,2,2,-1.0,5,hes so tired
446.40000,2,1,0.0,5,TriHard ALRIGHT ALRIGHT ALRIGHT ALRIGHT ALRIGHT TriHard
446.60000,10,1,0.0,2,TriHard
446.80000,,1,0.0,1,TriHard
447.00000,5,1,0.0,1,ANNIE GROW TriHard ANNIE GROW TriHard ANNIE GROW TriHard ANNIE GROW TriHard ANNIE GROW TriHard
448.00000,8,1,-2.0,5,"KlausIsBackXD: @Reckful, the next event you go to im going to find you in your hotel room and scalp you, you stupid jew mother fuck"
449.00000,5,1,0.0,5,HE SAID IT TriHard
451.00000,9,1,-1.0,5,"@reckful slap yourself everytime you miss a CS, it's what Athene used to do"
451.25000,6,1,1.0,5,LUL LITERALLY GOLDFISH MEMORY
451.50000,3,2,0.0,5,LMAO
451.75000,6,1,0.0,5,https://www.youtube.com/watch?v=WI0Twlt1aek WATCH PLZ
452.00000,2,1,0.0,5,TriHard ALRIGHT ALRIGHT ALRIGHT
452.50000,6,2,-2.0,5,"@KlausIsBackXD, wtf is ur problem"
453.00000,10,2,1.0,2,MingLee
454.00000,10,1,0.0,2,TriHard
456.00000,8,1,-2.0,5,"KlausIsBackXD: @Reckful, the next event you go to im going to find you in your hotel room and scalp you, you stupid jew mother fuck ."
457.00000,10,1,1.0,2,LUL
457.50000,2,1,0.0,5,ALRIGHT ALRIGHT TriHard
458.00000,5,1,0.0,5,HE SAID IT TriHard HE SAID IT TriHard HE SAID IT TriHard HE SAID IT TriHard HE SAID IT TriHard HE SAID IT TriHard HE SAID IT TriHard HE SAID IT TriHard HE SAID IT TriHard
459.00000,10,2,1.0,2,MingLee
460.00000,6,1,1.0,1,ks LUL
460.50000,6,2,0.0,5,https://www.youtube.com/watch?v=WI0Twlt1aek PLZ SIR
462.00000,2,1,1.0,5,ult LUL
462.50000,6,1,1.0,5,KS LUL
463.00000,9,1,-2.0,5,Full trap niggy TriHard Full trap
463.50000,10,2,1.0,2,MingLee
464.00000,,2,0.0,5,YAAAAAAAAS
465.00000,2,1,0.0,5,alright alright TriHard
465.50000,,2,0,3,!uptime
466.00000,6,1,1.0,5,KS LUL
466.33333,2,1,1.0,5,ULT LUL
466.66667,,1,1.0,5,CARRIED LUL
467.00000,,2,0,3,"Marshrooom 15 hours, 49 minutes"
467.16667,10,2,0.0,2,trihard
467.33333,6,2,0.0,5,ha HAA
467.50000,5,1,-2.0,5,FailFish 2 man spam FailFish
467.66667,2,2,0.0,5,WARD b/C SHACO ALRIGHT ALRIGHT
467.83333,6,2,0.0,5,kYs
468.00000,6,2,0.0,5,IM ALIE
469.00000,10,2,1.0,2,VoHiYo
469.50000,10,2,1.0,2,KappaPride
470.00000,10,2,1.0,2,<3
470.33333,1,1,0.0,5,fuck yeaaaa KappaPride
470.66667,,2,0.0,5,KILL SECURED
471.00000,10,1,0.0,2,TriHard
471.33333,3,1,0.0,5,Can the mods do their jobs please?
471.66667,6,2,0.0,5,ha AAA
472.00000,6,2,0.0,5,IM ALIE
473.00000,6,1,1.0,5,IM ALIE LUL
473.50000,10,2,1.0,2,VoHiYo
474.00000,10,2,1.0,2,KappaPride
475.00000,,2,0.0,1,baby
475.20000,6,2,0.0,5,haH AA
475.40000,5,2,0.0,5,gachiGASM
475.60000,,2,0.0,5,KKona
475.80000,,2,1.0,1,KappaPride
476.00000,10,2,1.0,2,KappaPride
476.50000,6,2,-1.0,5,IM A LIE
477.00000,4,2,0.0,5,haHAA
477.50000,3,2,0.0,5,sry fam
478.00000,6,2,0.0,5,The cake was a lie PogChamp
478.50000,5,2,-2.0,5,NotLikeThis NEED TO CRINGE
479.00000,5,2,0.0,5,https://www.youtube.com/watch?v=WI0Twlt1aek I WANT YOU TO SEE
479.50000,6,2,0.0,5,ha AAAAAAAAAAAA
480.00000,6,2,0.0,5,IM ALIE
481.00000,9,1,-1.0,5,"@reckful slap yourself everytime you miss a CS, it's what Athene would do"
481.33333,6,1,-1.0,5,can someone explain that FUCK oddshot
481.66667,7,2,0.0,5,NA CS
482.00000,7,2,1.0,5,Useless mods danLUL
482.33333,10,2,1.0,2,KappaPride
482.66667,8,2,1.0,5,KappaPride Fag
483.00000,10,1,1.0,2,LUL
483.33333,6,1,1.0,5,0 Cannons LUL
483.66667,9,2,1.0,5,Kill the WELLY first and it will be an easy kill
484.00000,6,2,0.0,5,ha HAA
484.50000,6,2,0.0,5,MAX D SECOND
485.00000,3,1,1.0,5,@SpamAndHope lol mods?
485.50000,4,2,0.0,5,haHAA
486.00000,10,2,0.0,2,baby kreyGASM
486.33333,6,2,0.0,5,https://www.youtube.com/watch?v=WI0Twlt1aek byron pls listen
486.66667,,2,0.0,5,w
487.00000,6,1,1.0,5,MAX E LUL
488.00000,5,1,-4.0,5,FailFish 2 man spam FailFish FailFish 2 man spam FailFish
488.25000,6,2,0.0,5,hA HAAAAAAAAAAAAAAAAa
488.50000,10,2,1.0,2,PogChamp
488.75000,,2,0,3,PogChamp
489.00000,10,2,0.0,2,S
490.00000,7,2,0.0,5,KreGASM
491.00000,4,2,0.0,5,haHAA
492.00000,,2,2.0,1,KappaPride KappaPride
492.33333,10,1,1.0,2,LUL
492.66667,,2,0.0,5,https://www.youtube.com/watch?v=WI0Twlt1aek
493.00000,6,2,0.0,5,ha HAAAAAAAAAAAaa\\\\\\
493.50000,8,1,-2.0,5,"Amigogang: KlausIsBackXD: @Reckful, the next event you go to im going to find you in your hotel room and scalp you, you stupid jew mother fuck ."
494.00000,,2,0.0,5,talb
494.50000,,2,0,3,TALB FeelsGoodMan
495.00000,5,2,1.0,5,take the d KappaPride
495.33333,9,1,-1.0,5,@alahma he was mad at how the game was going
495.66667,6,1,1.0,5,TAKE THE D THIS TIME LUL
497.00000,,1,0.0,5,???????????????
497.33333,5,2,0.0,5,TAKE S
497.66667,8,1,-2.0,5,"KlausIsBackXD: @Reckful, the next event you go to im going to find you in your hotel room and scalp you, you stupid jew mother fuck"
498.00000,9,1,1.0,5,@Reckful do you know that there is no point is hiding a champion selection screen because you have 2 clients and you can chat and add friends while you playing a game?
498.33333,10,2,1.0,2,lol
498.66667,10,2,0.0,2,SMOrc SMOrc SMOrc
499.00000,8,1,-2.0,5,"KlausIsBackXD: @Reckful, the next event you go to im going to find you in your hotel room and scalp you, you stupid jew mother fuck ."
499.33333,5,2,0.0,5,TAKE THE D
499.66667,5,2,0.0,5,TAKE D gachiGASM
500.00000,6,2,0.0,5,MitchPls
500.50000,,2,0,3,MitchPls THIS MitchPls SONG MitchPls IS MitchPls ILL MitchPls NASTY MitchPls
501.00000,,2,-1.0,5,@nawncentz dan subs DansGame
501.50000,6,2,0.0,5,@klausisbackxd kys
502.00000,10,2,0.0,2,smorc
502.33333,8,1,-2.0,5,"KlausIsBackXD: @Reckful, the next event you go to im going to find you in your hotel room and scalp you, you stupid jew mother fuck"
502.66667,1,2,1.0,5,ANOTHA ONE AFTER THIS PogChamp
504.00000,2,1,0.0,5,ha HAAA test ? :tf:
504.50000,8,1,-2.0,5,"KlausIsBackXD: @Reckful, the next event you go to im going to find you in your hotel room and scalp you, you stupid jew mother fuck ."
507.00000,6,1,1.0,5,THEY COUNTER US LUL
507.33333,3,1,1.0,5,I JUST NOTICED AMUMU SUPPORT LUL
507.66667,2,2,0.0,5,I WILL TEST HIM https://www.youtube.com/watch?v=WI0Twlt1aek
508.00000,,2,1.0,1,PogChamp
508.50000,8,1,-2.0,5,"Amigogang: KlausIsBackXD: @Reckful, the next event you go to im going to find you in your hotel room and scalp you, you stupid jew mother fuck."
510.00000,8,1,-2.0,5,"Amigogang: KlausIsBackXD: @Reckful, the next event you go to im going to find you in your hotel room and scalp you, you stupid jew mother fuck,"
510.33333,10,2,1.0,2,Kreygasm
510.66667,5,2,0.0,5,gachiGASM
511.00000,5,2,0.0,5,gachiGASM
511.50000,,2,0.0,5,k
512.00000,8,1,-2.0,5,"Amigogang: KlausIsBackXD: @Reckful, the next event you go to im going to find you in your hotel room and scalp you, you stupid jew mother fuck/"
513.00000,6,1,1.0,5,"@KlausIsBackXD, Someone wants attention LUL"
513.50000,,2,0.0,5,K
514.00000,3,1,-1.0,5,wtf reckful still streaming? all nighter?
515.00000,1,2,-1.0,5,@alahma and his overall lack of progress in league
515.50000,3,1,1.0,5,Mods LUL
516.00000,,2,1.0,1,PogChamp
516.50000,4,1,0.0,1,FREE HAhaa ðŸ¤“ FREE HAhaa ðŸ¤“ FREE HAhaa ðŸ¤“ FREE HAhaa ðŸ¤“ FREE HAhaa ðŸ¤“ FREE HAhaa ðŸ¤“ FREE HAhaa ðŸ¤“ FREE HAhaa ðŸ¤“ FREE HAhaa ðŸ¤“ FREE HAhaa ðŸ¤“
517.00000,5,1,2.0,5,Kreygasm GIVE ANNIE THE D Kreygasm
519.00000,2,1,0.0,5,WARD UP CUH TriHard
519.33333,6,2,0.0,5,NA GANK
519.66667,,2,0.0,5,https://www.youtube.com/watch?v=WI0Twlt1aek FOR SICENCE
521.00000,10,2,-1.0,2,ResidentSleeper
522.00000,,2,0,3,!logs pro_y
523.00000,,2,0,3,"skillsize, https://tab-bot.net/overrustlelogs/reckful/pro_y"
524.00000,,1,0.0,5,?????????
524.33333,4,1,0.0,1,FREE HAhaa ðŸ¤“ FREE HAhaa ðŸ¤“ FREE HAhaa ðŸ¤“ FREE HAhaa ðŸ¤“ FREE HAhaa ðŸ¤“ FREE HAhaa ðŸ¤“ FREE HAhaa ðŸ¤“ FREE HAhaa ðŸ¤“ .
524.66667,10,2,1.0,2,PogChamp
525.00000,,2,0,3,PogChamp
525.50000,2,2,1.0,5,shaco ganks Kappa
526.00000,1,2,0.0,5,STOP
527.00000,10,2,1.0,2,lol
528.00000,10,1,1.0,2,LUL
529.00000,10,1,1.0,2,LUL
529.25000,6,2,0.0,5,HA HAAAAAAAAAAAA
529.50000,4,1,0.0,5,FREE HAhaa ðŸ¤“ FREE HAhaa ðŸ¤“ FREE HAhaa ðŸ¤“ FREE HAhaa ðŸ¤“ FREE HAhaa ðŸ¤“ FREE HAhaa ðŸ¤“ FREE HAhaa ðŸ¤“ FREE HAhaa ðŸ¤“ FREE HAhaa ðŸ¤“ FREE HAhaa ðŸ¤“
529.75000,10,2,1.0,2,LOL
530.00000,,2,0.0,1,cmonBruh
531.00000,10,1,1.0,2,LUL
532.00000,,1,0.0,5,?
532.20000,9,1,0.0,1,come on in PedoBear
532.40000,5,2,0.0,5,lmfao
532.60000,3,1,-1.0,5,wtf??
532.80000,10,1,1.0,2,LUL
533.00000,,1,0.0,5,??!?!?!?!?!?!?!?!
533.50000,6,1,1.0,5,ALPHAFUL LUL
534.00000,10,2,1.0,2,PogChamp
534.20000,5,1,-3.0,5,ME RACIST TriHard ME SPAM TriHard NO MOD TriHard NO BAN ME RACIST TriHard ME SPAM TriHard NO MOD TriHard NO BAN ME RACIST TriHard ME SPAM TriHard NO MOD TriHard NO BAN
534.40000,10,2,0.0,2,forsenClown
534.60000,,1,0.0,5,???????????????
534.80000,10,1,1.0,2,LUL
536.00000,,2,0,3,!logs imaqtpie
536.50000,,1,0.0,5,???????
537.00000,,1,0.0,5,?????????????????????????????????????????????
537.33333,,2,-1.0,1,WutFace
537.66667,,1,0.0,5,???????????????????????????????????????
538.00000,,2,0,3,!??!?!?!?!?!??!!?!??!?!!?
538.16667,,1,0.0,5,?
538.33333,,1,0.0,5,???????????
538.50000,10,2,1.0,2,LOL
538.66667,10,1,1.0,2,LUL
538.83333,,1,0.0,5,?????????????????????????????????????
539.00000,5,2,0.0,5,@Ttiewinwt thats it ^
539.20000,,1,0.0,5,???
539.40000,,1,0.0,5,????
539.60000,5,1,0.0,5,https://www.youtube.com/watch?v=WI0Twlt1aek 1 MAN SPAM FOR THE WIN
539.80000,3,2,-1.0,5,WTF
540.00000,6,2,0.0,5,alphaful
540.14286,,1,0.0,5,?????????????????????????????????????
540.28571,,2,0.0,5,:UL
540.42857,1,2,0.0,5,ur are
540.57143,,1,0.0,5,>?????????????????????????????????????
540.71429,,1,0.0,5,????????????????????????/
540.85714,,2,0.0,5,CUCKED
541.00000,,1,0.0,5,????????????????????????
541.16667,10,2,1.0,2,LOL
541.33333,10,1,1.0,2,LUL
541.50000,,1,0.0,5,?????????????????????????????
541.66667,3,2,-1.0,5,wtf are you doing
541.83333,10,1,1.0,2,LUL
542.00000,10,1,1.0,2,LUL
542.11111,10,1,3.0,2,LUL LUL LUL
542.22222,,1,0.0,5,??????????????????
542.33333,,1,0.0,5,????????
542.44444,,1,0.0,5,???????????
542.55556,5,2,0.0,5,gachiGASM gachiGASM
542.66667,,1,1.0,5,LOL>>>>>>>>????
542.77778,6,2,0.0,5,ROFL
542.88889,10,2,1.0,2,lol
543.00000,10,1,1.0,2,LUL
543.03704,,1,1.0,1,LUL
543.07407,,1,0.0,5,????????????????
543.11111,,2,0.0,5,CLOSE
543.14815,10,1,1.0,2,LUL
543.18519,10,2,1.0,2,LOL
543.22222,10,1,3.0,2,LUL LUL LUL
543.25926,,1,0.0,5,??????
543.29630,10,2,0.0,2,u r
543.33333,,2,-1.0,1,WutFace
543.37037,10,1,1.0,2,LUL
543.40741,10,1,0.0,2,forsenW forsenW forsenW forsenW forsenW forsenW forsenW
543.44444,3,2,-1.0,5,WTF WAS THAT
543.48148,10,1,1.0,2,LUL
543.51852,10,2,-1.0,2,WutFace
543.55556,10,2,1.0,2,LOL
543.59259,10,1,1.0,2,LUL
543.62963,,1,0.0,5,??????????????????????????????????????????6
543.66667,,1,0.0,5,???????????
543.70370,,2,0.0,5,hahahaha
543.74074,10,2,1.0,2,LOL
543.77778,10,1,1.0,2,LUL
543.81481,10,1,1.0,2,WAT R U DOING LUL
543.85185,,1,0.0,5,??????????????????
543.88889,,1,0.0,5,??????????????????????????????
543.92593,10,1,1.0,2,LUL
543.96296,,1,0.0,5,??????????????????????????????????
545.00000,10,2,-1.0,2,WutFace
545.09091,9,1,0.0,5,LUL SO BAD
545.18182,6,2,-1.0,5,Baited :(
545.27273,10,2,1.0,2,Kappa
545.36364,10,1,1.0,2,LUL
545.45455,10,2,-1.0,2,BabyRage
545.54545,10,2,1.0,2,LOL
545.63636,6,2,0.0,1,ROFL
545.72727,10,1,1.0,2,LUL
545.81818,10,1,1.0,2,LUL
545.90909,,1,0.0,5,?????????????????????????????????????????????
546.00000,,2,0.0,5,LULULUL
546.06250,,2,0.0,5,SNIPED
546.12500,10,1,1.0,2,LUL
546.18750,10,2,1.0,2,LOL
546.25000,,1,0.0,5,????????????????????????????????
546.31250,,1,0.0,5,???????????????????????
546.37500,10,2,-1.0,2,SwiftRage
546.43750,10,1,0.0,2,forsenW forsenW forsenW forsenW forsenW forsenW
546.50000,10,1,1.0,2,LUL
546.56250,10,2,-1.0,2,WutFace
546.62500,10,2,1.0,2,LOL
546.68750,6,2,0.0,5,ROFL
546.75000,3,2,-1.0,5,WTF
546.81250,10,2,-1.0,2,WutFace
546.87500,,1,0.0,5,???????????????
546.93750,5,2,1.0,5,xD
547.00000,9,2,0.0,5,so bad :)
547.05000,6,2,1.0,5,LOOOL
547.10000,10,2,-1.0,2,WutFace
547.15000,,2,0.0,1,DOOOOOOOOOOOOOOOOD D:
547.20000,,1,0.0,5,??????????????
547.25000,10,2,1.0,2,4Head
547.30000,10,1,1.0,2,LUL
547.35000,8,1,-1.0,5,FUCK
547.40000,,1,0.0,5,????????
547.45000,10,1,1.0,2,LUL
547.50000,10,2,0.0,2,TTours
547.55000,,2,0,5,ARE U DOING
547.60000,10,2,-1.0,2,FailFish
547.65000,,1,0.0,5,??
547.70000,10,2,1.0,2,LOL
547.75000,10,1,1.0,2,LUL
547.80000,,1,0.0,5,??????
547.85000,10,2,1.0,2,lol
547.90000,10,2,1.0,2,LOL
547.95000,,1,0.0,5,????????????????
549.00000,10,1,1.0,2,LUL
549.10000,6,2,1.0,5,LOOOOOL
549.20000,3,2,-1.0,5,Wtf was that play
549.30000,9,2,-1.0,5,HES SO BAD
549.40000,10,2,-1.0,2,BabyRage
549.50000,10,1,1.0,2,LUL
549.60000,9,2,0.0,5,LOL SO BAD
549.70000,,1,0.0,5,????????????
549.80000,2,2,1.0,5,smart
549.90000,,2,-1.0,1,WutFace
550.00000,,1,0.0,5,??????????????????
550.08333,10,2,1.0,2,PogChamp
550.16667,,2,0.0,5,ULU
550.25000,10,1,1.0,2,LUL
550.33333,10,2,-1.0,2,reckRage
550.41667,3,1,2.0,5,NICE FLASH LOL
550.50000,10,2,1.0,2,lol
550.58333,10,2,1.0,2,LOL
550.66667,4,1,0.0,5,FREE HAhaa ðŸ¤“ FREE HAhaa ðŸ¤“ FREE HAhaa ðŸ¤“ FREE HAhaa ðŸ¤“ FREE HAhaa ðŸ¤“ FREE HAhaa ðŸ¤“ FREE HAhaa ðŸ¤“ FREE HAhaa ðŸ¤“ FREE HAhaa ðŸ¤“ FREE HAhaa ðŸ¤“.
550.75000,,1,0.0,5,?????????????????
550.83333,,2,0.0,5,SURPRISE
550.91667,,1,0.0,5,?????????????????????????????????
551.00000,10,1,1.0,2,LUL
551.12500,,1,0.0,5,????????????????????????????????
551.25000,7,2,0.0,5,lvl 5 with ignite
551.37500,,1,0.0,5,????????????
551.50000,,1,0.0,5,????????
551.62500,6,2,1.0,5,LOOOL
551.75000,9,1,0.0,5,LUL SO BAD
551.87500,,1,0.0,5,?????????????????
552.00000,3,2,-1.0,5,wtf was that
552.08333,10,2,0.0,2,ANELE KAPOW
552.16667,8,2,0.0,5,get beter
552.25000,10,1,1.0,2,LUL
552.33333,3,2,-1.0,5,Wtf
552.41667,,1,0.0,5,??????????
552.50000,,1,0.0,5,???????????????
552.58333,10,1,0.0,2,WutFace LUL
552.66667,10,2,-1.0,2,WutFace
552.75000,3,2,-1.0,5,WTF
552.83333,5,2,0.0,5,"@wthandrew, nice 1 man spam bitch"
552.91667,,1,0.0,1,???????????
553.00000,6,2,-1.0,5,WTF U WALKED UP TO THEM
553.10000,1,1,1.0,5,ONLY LEVEL 5 LUL
553.20000,10,2,-1.0,2,WutFace
553.30000,10,2,-1.0,2,WutFace
553.40000,2,2,0.0,5,SHOULD OF FOCUSED SHACO IF ANYTHING
553.50000,5,1,1.0,5,running back in LUL
553.60000,,2,-1.0,1,WutFace
553.70000,6,2,0.0,5,LITERALLY AUTISTIC
553.80000,6,2,1.0,5,wow
553.90000,10,1,1.0,2,lul
554.00000,10,2,-1.0,2,DansGame
554.25000,8,1,0.0,5,WHY GO BACK
554.50000,8,1,-3.0,5,CRAZY JEW GOING INSANE WutFace
554.75000,10,1,1.0,2,LUL
555.00000,1,1,1.0,5,feeding a level 5 scrub LUL
555.25000,,2,0.0,5,LLLLLLLLLLLLLLLLLLLLLLL
555.50000,5,1,0.0,5,https://www.youtube.com/watch?v=WI0Twlt1aek SIR PLZ 1 MAN SPAM
555.75000,10,1,1.0,2,LUL
556.00000,,1,0.0,5,?????????????????
556.14286,,1,0.0,5,???????????????
556.28571,9,1,0.0,5,he wants to rage so hard but he's hiding it LUL
556.42857,3,2,-1.0,5,wtf
556.57143,1,1,0.0,5,Why tho?
556.71429,10,1,1.0,2,LUL
556.85714,6,2,0.0,5,AROUUUUUUUUUUUUUUUUU
557.00000,,1,0.0,5,???
557.20000,6,2,-2.0,5,:( baited :(
557.40000,9,1,0.0,5,SO BAD LUL
557.60000,,1,0.0,5,????????????????????
557.80000,,1,0.0,5,????????Â¿Â¿Â¿Â¿!Â¿'
558.00000,,1,0.0,5,??????????????
558.25000,,1,0.0,5,?????!?!???/
558.50000,,2,1.0,5,noooooo KappaPride
558.75000,10,1,1.0,2,LUL
559.00000,,1,0.0,5,????????????????????????????????????????????????
559.25000,10,2,1.0,2,:P
559.50000,,2,0.0,5,YOU WERE CORRECT
559.75000,6,1,0.0,5,MOM BOOM ANELE MOM BOOM ANELE
560.00000,,1,0.0,5,??????????????????????????????????????????????
560.20000,9,1,1.0,5,50 cs at 10 not bad
560.40000,,1,0.0,5,??????????????????????
560.60000,3,2,-1.0,5,WTF DID I JUST WATHC
560.80000,9,1,-2.0,5,HES GOING INSANE WutFace
561.00000,10,2,0.0,2,FrankerZ
562.00000,5,1,0.0,5,??? reckClap ??? reckClap ??? reckClap ??? reckClap ??? reckClap ??? reckClap ??? reckClap ??? reckClap ??? reckClap ??? reckClap ??? reckClap ??? reckClap ??? reckClap ??? reckClap ??? reckClap
562.20000,10,2,-1.0,2,BabyRage
562.40000,8,1,-1.0,5,jew death
562.60000,7,2,1.0,5,NA PLAYS Kappa
562.80000,,1,0.0,5,??????????????????????????????
563.00000,,2,0.0,5,2v1 LETS TURN AROUND
563.50000,8,2,1.0,5,SO ASS LOL
564.00000,2,2,0.0,5,Good play =]
564.11111,8,1,-2.0,5,FUCCCCCCCCCK WutFace
564.22222,1,2,1.0,5,worth
564.33333,10,2,0.0,2,FrankerZ
564.44444,,2,0,3,!uptime
564.55556,5,2,0.0,5,USA USA USA
564.66667,2,2,-1.0,5,kill the fucking shaco
564.77778,,2,0.0,5,hahahah
564.88889,5,2,0.0,5,not even under tower
565.00000,8,1,1.0,5,"The liss nerf actually killed him lol, otherwise he might have lived"
565.10000,6,2,0.0,1,uncoachable
565.20000,,2,0,3,"BoiledBadger 15 hours, 51 minutes"
565.30000,4,1,-1.0,5,reckSanta FUCK
565.40000,10,1,1.0,2,LUL
565.50000,6,1,1.0,5,YOU WALKED INTO THEM LUL
565.60000,7,1,6.0,5,ANNIE IS BRONZE FOUR LUL ANNIE IS BRONZE FOUR LUL ANNIE IS BRONZE FOUR LUL ANNIE IS BRONZE FOUR LUL ANNIE IS BRONZE FOUR LUL ANNIE IS BRONZE FOUR LUL
565.70000,9,1,0.0,5,why did you run at her?
565.80000,,1,1.0,5,What was that? lol
565.90000,,1,0.0,5,?????????????????????????????
566.00000,6,2,0.0,5,THAT WAS THE MOST SURVIVABLE GANK IVE EVER SEEN
566.33333,6,2,0.0,5,KYS
566.66667,9,2,0.0,5,SOCIOPATH
567.00000,,2,0.0,5,JAJAHAHAAHAHAHA
568.00000,10,2,-4.0,2,RAGE SwiftRage RAGE SwiftRage RAGE SwiftRage RAGE SwiftRage
569.00000,6,1,0.0,5,YOULL GET EM NEXT TIME DAD
569.33333,6,2,1.0,5,LOLLLL
569.66667,8,1,-1.0,5,JEW WutFace
570.00000,4,1,0.0,5,CALL MOM SHES CELEBRATING 9/11 ANELE
570.14286,6,2,0.0,5,AROOOOOOOOOOOOOOOUUUUUUUUUU FrenkerZ
570.28571,5,1,2.0,5,XD LUL
570.42857,2,2,-1.0,1,losing it
570.57143,9,1,1.0,5,Is this godful? I thought this was godful? I guess its not godful LUL
570.71429,2,1,0.0,5,STILL WASTED FASH AND ULT LUL
570.85714,5,2,0.0,5,"Rapsfan231, thats not good lmfao"
572.00000,6,2,0.0,5,MitchPls
572.14286,,2,0,3,MitchPls THIS MitchPls SONG MitchPls IS MitchPls ILL MitchPls NASTY MitchPls
572.28571,2,2,-2.0,5,BrokeBack he' lost it bois
572.42857,1,1,-1.0,5,ðŸ¤” has reckful finally gone insane? ðŸ¤”
572.57143,3,2,-1.0,5,im dying man
572.71429,2,2,-1.0,5,WutFace dont rage
572.85714,8,1,-1.0,1,GO TO SLEEP WutFace
573.00000,3,1,-1.0,5,FUCK MAN? gachiGASM
573.25000,9,1,0.0,5,@reckful can I play a game with u
573.50000,,2,0.0,5,xxxwandalxxx: no
573.75000,9,1,1.0,5,PAID TO THROW LUL
575.00000,9,2,-1.0,5,https://www.youtube.com/watch?v=WI0Twlt1aek THIS GAME IS BREAKING YOUR MIND
575.50000,5,1,0.0,5,HE SAID IT TriHard HE SAID IT TriHard HE SAID IT TriHard HE SAID IT TriHard HE SAID IT TriHard HE SAID IT TriHard HE SAID IT TriHard HE SAID IT TriHard HE SAID IT TriHard
576.00000,9,2,1.0,5,at least hes not raging
576.33333,,2,0,3,!uptime
576.66667,5,2,0.0,5,Byron u need food to chill
577.00000,4,1,1.0,5,50 cs 10 minutes 4Head
577.50000,,2,0,3,"iTsNerdRage 15 hours, 51 minutes"
578.00000,5,1,0.0,1,ANNIE GROWING TriHard ANNIE GROWING TriHard ANNIE GROWING TriHard ANNIE GROWING TriHard ANNIE GROWING TriHard ANNIE GROWING TriHard ANNIE GROWING TriHard
578.50000,10,1,0.0,2,TriHard
579.00000,6,2,0.0,5,AROOOOOOOOOOOOOOOUUUUUUUUUU FrankerZ
579.33333,3,2,-2.0,5,trying so hard to be happy NotLikeThis
579.66667,10,1,1.0,2,IM OUT LUL
580.00000,9,2,1.0,5,PAID TO THROW Kappa
580.50000,10,2,-1.0,2,WutFace
581.00000,,1,0.0,5,???????????????????????????/
582.00000,6,2,0.0,5,this is actually really creepy
583.00000,9,2,0.0,5,https://www.youtube.com/watch?v=WI0Twlt1aek SO GOOD
583.50000,,2,0,3,!uptime
584.00000,1,2,-1.0,5,League is corrupting papa reckful :(
584.50000,,2,0,3,"T3hChamp 15 hours, 51 minutes"
585.00000,8,1,0.0,5,GO TO FUCKIN SLEEEEEEEEP
585.50000,5,1,0.0,1,ANNIE GROWING TriHard ANNIE GROWING TriHard ANNIE GROWING TriHard ANNIE GROWING TriHard ANNIE GROWING TriHard ANNIE GROWING TriHard
586.00000,,2,0,5,NO
586.50000,,2,0.0,5,paralympic plays
587.00000,1,1,1.0,5,"@Syll_, are u new? he normally gets 25 at 10 LOL"
588.00000,6,2,0.0,5,NOPE
588.50000,4,2,0.0,5,haha
589.00000,,2,0,5,no
589.25000,10,1,1.0,2,LUL
589.50000,6,2,-2.0,5,DAD IS SCARY WHEN ANGRY
589.75000,4,2,0.0,5,reckSanta reckSanta reckSanta reckSanta
590.00000,3,1,0.0,5,NO WTF LUL
590.33333,9,2,0.0,5,0% chance
590.66667,1,2,0.0,5,You cant 1v1 bro
591.00000,10,1,1.0,2,LUL
592.00000,,2,0,3,!rank
592.50000,,2,0,3,"BoiledBadger, Byronze's current rank: Silver V | op.gg: http://na.op.gg/summoner/userName=Byronze"
594.00000,1,2,0.0,5,NO THERE WASNT
594.50000,3,2,0.0,5,No fam
595.00000,2,2,0.0,5,they did 1v2 u
596.00000,2,2,0.0,5,just no
596.50000,5,2,0.0,5,no there absolutely was not
597.00000,9,2,1.0,1,Easy double
597.33333,,1,0.0,5,????
597.66667,,2,0,5,ðŸ¤”
598.00000,5,2,0.0,5,not at all
598.50000,2,2,0.0,5,PLAY KATARINA TO 1V2
599.00000,10,1,1.0,2,LUL
600.00000,7,1,1.0,5,NA MATH LUL
601.00000,2,2,0.0,5,YES
601.33333,1,1,1.0,5,YR TOO ASS BRO LUL
601.66667,5,1,0.0,5,TriHard anne grow
602.00000,1,2,0.0,1,Cant
602.33333,7,1,1.0,5,THERE WAS LOL BRONZE CHAT
602.66667,,1,0.0,5,???
603.00000,6,2,0.0,5,@amigogang kys
603.50000,9,2,0.0,5,CS
604.00000,2,2,0.0,5,play with GoodGuyGarry
604.33333,,2,-1.0,1,neilyo that stun dwag
604.66667,,2,0,5,ðŸ¤”
